"id","character","origin_dialogue","translated_dialogue"
"THSD001BE","Becky","No, I am not kidding! We need more flowers for the musical number! And let's pick up the pace on the lighting cues, huh?","No, I am not kidding! We need more flowers for the musical number! And let's pick up the pace on the lighting cues, huh?"
"THSD002BE","Becky","Okay, people, let's go.  I want to see happy! Happy, happy, happy!","Okay, people, let's go.  I want to see happy! Happy, happy, happy!"
"THSD003BE","Becky","Hey, you!  You are not selling me happy! Don't make me come over there! I will beat it out of you if I have to!","Hey, you!  You are not selling me happy! Don't make me come over there! I will beat it out of you if I have to!"
"THSD004BE","Becky","Finally!","Finally!"
"THSD005BE","Becky","Okay, the leading man is here. Somebody tell wardrobe and make-up. He's cute, but he needs a LOT of work.","Okay, the leading man is here. Somebody tell wardrobe and make-up. He's cute, but he needs a LOT of work."
"THSD006BE","Becky","Where were you? We have been improvising forever! Just go to your mark and be ready with your lines!","Where were you? We have been improvising forever! Just go to your mark and be ready with your lines!"
"THSD007BE","Becky","I HOPE you know your lines!","I HOPE you know your lines!"
"THSD041BE","Becky","You'd better be right. She'd better show this time!","You'd better be right. She'd better show this time!"
"THSD042BE","Becky","Alright, people, let's go in Five! Four! Three!","Alright, people, let's go in Five! Four! Three!"
"THSD026BE","Becky","Okay we need the sun out here, pronto! Cue the sun! Cue the sun!","Okay we need the sun out here, pronto! Cue the sun! Cue the sun!"
"THSD027BE","Becky","Bonita Soleil, on stage right now!","Bonita Soleil, on stage right now!"
"THSD028BE","Becky","Soleil's a no-show AGAIN. Okay, you know what that means! Time to swap plays! Strike the stage! ""Sunshine Shenanigans"" is a wrap. Let's set it up for ""The Horror of Hagatha Home"" on the double! Let's go go go!","Soleil's a no-show AGAIN. Okay, you know what that means! Time to swap plays! Strike the stage! ""Sunshine Shenanigans"" is a wrap. Let's set it up for ""The Horror of Hagatha Home"" on the double! Let's go go go!"
"THSD029HF","Yellow-Actor","Ahhhhh!","Ahhhhh!"
"THSD030HF","Yellow-Actor","Hey, there hi there ho there, little buddy! Wwwwwwwwhat makes you want to go in a dark ol' place like that?","Hey, there hi there ho there, little buddy! Wwwwwwwwhat makes you want to go in a dark ol' place like that?"
"THSD031SF","Pink-Flower","There's nothing in there but a bunch of frowny-downy, mopey-dopey, sad-face memories!","There's nothing in there but a bunch of frowny-downy, mopey-dopey, sad-face memories!"
"THSD032FF","Orange-Flower","Yeah, ain't no happy place no how! You don't wanna go in there.","Yeah, ain't no happy place no how! You don't wanna go in there."
"THSD033HF","Yellow-Actor","What's that? You don't want to go in there? Why, that's just swell!","What's that? You don't want to go in there? Why, that's just swell!"
"THSD034HF","Yellow-Actor","Yay!","Yay!"
"THSD035HF","Yellow-Actor","Hey, buddy! Don't go there! Ha ha!","Hey, buddy! Don't go there! Ha ha!"
"THSD036HF","Yellow-Actor","Ha ha!","Ha ha!"
"THSD038HF","Yellow-Actor","No, seriously. DON'T. GO. THERE.","No, seriously. DON'T. GO. THERE."
"THSD039HF","Yellow-Actor","Ha ha ha!","Ha ha ha!"
"THSD040HF","Yellow-Actor","HA HA!","HA HA!"
"THSN001HT","Hound-Actor","Bad! Bad girls! All I see are bad girls! Especially you!","Bad! Bad girls! All I see are bad girls! Especially you!"
"THSN002ST","Small-Thistle","Me? But what did I do?","Me? But what did I do?"
"THSN003FT","Big-Thistle","You forgot yer lines stupid!","You forgot yer lines stupid!"
"THSN004HT","Hound-Actor","Your parents paid a lot of money to send you here to Hagatha Home School for Girls!","Your parents paid a lot of money to send you here to Hagatha Home School for Girls!"
"THSN005ST","Small-Thistle","I don't want to study theater! I don't want to study dance! I want to go home!","I don't want to study theater! I don't want to study dance! I want to go home!"
"THSN006FT","Big-Thistle","What fur? You parents don't want ya, or they wouldn'ta sent ya here, now would they! Ha ha!","What fur? You parents don't want ya, or they wouldn'ta sent ya here, now would they! Ha ha!"
"THSN007ST","Small-Thistle","Well, then. Neither do yours!","Well, then. Neither do yours!"
"THSN008FT","Big-Thistle","She's right!","She's right!"
"THSN009HT","Hound-Actor","Ohhhh-oh! Oh, oh, oh. Ohhhh-ohhhhh ohhhhh! OH!","Ohhhh-oh! Oh, oh, oh. Ohhhh-ohhhhh ohhhhh! OH!"
"THSN010ST","Small-Thistle","Hey, you! Do you know your lines!?","Hey, you! Do you know your lines!?"
"THSN011RA","Raz","Uh...","Uh..."
"THSN012ST","Small-Thistle","This little girl doesn't know her lines!","This little girl doesn't know her lines!"
"THSN013FT","Big-Thistle","Get 'er!","Get 'er!"
"THSN014HT","Hound-Actor","Ahhhhhhhh!","Ahhhhhhhh!"
"THSD044BE","Becky","Don't bug me with that. Do I look like the prop master?","Don't bug me with that. Do I look like the prop master?"
"THSD045BE","Becky","Will that help me find the understudy for puppy #10? Hmmm? No? THEN IT'S OF NO USE TO ME!!!","Will that help me find the understudy for puppy #10? Hmmm? No? THEN IT'S OF NO USE TO ME!!!"
"THSD046BE","Becky","Do I need this? Do I need more stress???","Do I need this? Do I need more stress???"
"THSD047BE","Becky","Out of the way, prop!","Out of the way, prop!"
"THSD048BE","Becky","Yeah, yeah, yeah. Whatever.","Yeah, yeah, yeah. Whatever."
"THSD049BE","Becky","Not on my stage, kid!","Not on my stage, kid!"
"THSD050BE","Becky","Don't touch anything! This is an extremely controlled environment!","Don't touch anything! This is an extremely controlled environment!"
"THSD051BE","Becky","Everything is as it should be!","Everything is as it should be!"
"THSD052BE","Becky","A place for every actor and every actor in their place!","A place for every actor and every actor in their place!"
"THSD053BE","Becky","I can do this. I can do this. I can do this.","I can do this. I can do this. I can do this."
"THSD054BE","Becky","I am in control. I am in control. I am in control.","I am in control. I am in control. I am in control."
"THSD055BE","Becky","People are listening to me. People listen to me. People care about what I have to say. People respect me. People are listening to me.","People are listening to me. People listen to me. People care about what I have to say. People respect me. People are listening to me."
"THSD056BE","Becky","Why do you all hate me!?!","Why do you all hate me!?!"
"THSD057BE","Becky","Oh, shut up, you stupid, happy, morons.","Oh, shut up, you stupid, happy, morons."
"THSD058BE","Becky","The only thing that would help this play is weed killer!","The only thing that would help this play is weed killer!"
"THSD059BE","Becky","Okay, forget I said that! I just want happy! Happy, happy, happy!","Okay, forget I said that! I just want happy! Happy, happy, happy!"
"THSD060BE","Becky","Come on. Use it in your acting.","Come on. Use it in your acting."
"THSD061BE","Becky","You're professionals!","You're professionals!"
"THSD062BE","Becky","Let's go go go!","Let's go go go!"
"THSD063BE","Becky","Make way!","Make way!"
"THSD064BE","Becky","Hey! I'll pluck those wings off one by one if you don't do what I say!","Hey! I'll pluck those wings off one by one if you don't do what I say!"
"THSD065BE","Becky","Don't mess with me, you mutts. I know a vet who owes me a favor!","Don't mess with me, you mutts. I know a vet who owes me a favor!"
"THSD066SF","Pink-Flower","Ha ha! Look at what he's got!","Ha ha! Look at what he's got!"
"THSD067HF","Yellow-Actor","Hey, that makes me happy!","Hey, that makes me happy!"
"THSD068HF","Yellow-Actor","What's up, friend? Want to do the happy dance?","What's up, friend? Want to do the happy dance?"
"THSD069HF","Yellow-Actor","Weee-heel, that's not very happy, is it?","Weee-heel, that's not very happy, is it?"
"THSD070SF","Pink-Flower","I think you need a caboose hug!","I think you need a caboose hug!"
"THSN015HT","Hound-Actor","What's that? Are you threatening me, little girl?","What's that? Are you threatening me, little girl?"
"THSN016RA","Raz","I'm not a girl!","I'm not a girl!"
"THSN017ST","Small-Thistle","Get her!","Get her!"
"THSN018FT","Big-Thistle","You messin' with some bad plants now, kid.","You messin' with some bad plants now, kid."
"THSN019ST","Small-Thistle","Out of the way! Nobody likes you!","Out of the way! Nobody likes you!"
"THSN020ST","Small-Thistle","Your mom and dad don't like you especially!","Your mom and dad don't like you especially!"
"THSN021HT","Hound-Actor","Do your chores!","Do your chores!"
"THSN022FT","Big-Thistle","Study your lines!","Study your lines!"
"THSN023HT","Hound-Actor","I wish I were dead.","I wish I were dead."
"THSN024ST","Small-Thistle","I wish we were all dead.","I wish we were all dead."
"THSN025HT","Hound-Actor","Today's even worse than yesterday!","Today's even worse than yesterday!"
"THSN026ST","Small-Thistle","Don't break stuff! See? That's why people don't like you!","Don't break stuff! See? That's why people don't like you!"
"THSD077BE","Becky","Come with me, quick!","Come with me, quick!"
"THSD078BE","Becky","Hurry! You're on in five!","Hurry! You're on in five!"
"THSD079BE","Becky","There's your mark. Hit it, love it, marry it, don't ever abandon it!","There's your mark. Hit it, love it, marry it, don't ever abandon it!"
"THSD080BE","Becky","It doesn't matter how old she gets.","It doesn't matter how old she gets."
"THSD081RA","Raz","Hi. I found this...","Hi. I found this..."
"THSD082BE","Becky","What?! Another new script? But I was just getting the old one under control!","What?! Another new script? But I was just getting the old one under control!"
"THSD083BE","Becky","Okay, everybody, listen up! We got a completely new script here, so drop what you're doing and let's change gears.","Okay, everybody, listen up! We got a completely new script here, so drop what you're doing and let's change gears."
"THSD084HF","Yellow-Actor","Ahhhhhhhhh!","Ahhhhhhhhh!"
"THSD086BE","Becky","Can we fix the lights, please?","Can we fix the lights, please?"
"THSD087BE","Becky","Sorry, kid. We're not taking play submissions right now. Try again later.","Sorry, kid. We're not taking play submissions right now. Try again later."
"THSD088BE","Becky","Sigh. Writing is dead.","Sigh. Writing is dead."
"THSD089BE","Becky","Pftt!","Pftt!"
"THSD090BE","Becky","Seen it!","Seen it!"
"THSD091BE","Becky","Doesn't any one write anything fresh any more?","Doesn't any one write anything fresh any more?"
"THSD092BE","Becky","Hmmm. Not bad for a first read, everybody!","Hmmm. Not bad for a first read, everybody!"
"THSD093BE","Becky","That's it?","That's it?"
"THSD101HF","Yellow-Actor","Huzzah! Forsooth! What is thine sweet smell in the aire?","Huzzah! Forsooth! What is thine sweet smell in the aire?"
"THSD102SF","Pink-Flower","Rejoice! For Spring has besatten upon ourselves, and the spirit of May is a-lingering!","Rejoice! For Spring has besatten upon ourselves, and the spirit of May is a-lingering!"
"THSD103FF","Orange-Flower","Let us spin and be happy, entwined in this pole of love, forever young and twisty.","Let us spin and be happy, entwined in this pole of love, forever young and twisty."
"THSD104HF","Yellow-Actor","Hurray! Maypole! Maypole! Maypole!","Hurray! Maypole! Maypole! Maypole!"
"THSD105SF","Pink-Flower","Oh, sigh.","Oh, sigh."
"THSD106FF","Orange-Flower","Whatever is wrong, little girl?","Whatever is wrong, little girl?"
"THSD107SF","Pink-Flower","Well, my family has left me alone in a bad, bad place for many years, and I don't know if they will ever come back for me.","Well, my family has left me alone in a bad, bad place for many years, and I don't know if they will ever come back for me."
"THSD108FF","Orange-Flower","Ah, don't worry. I'm sure they'll come for you and you'll never have to think of that bad place again, ever.","Ah, don't worry. I'm sure they'll come for you and you'll never have to think of that bad place again, ever."
"THSD109SF","Pink-Flower","Hey, you're right! I think I see them now!","Hey, you're right! I think I see them now!"
"THSD111HF","Yellow-Actor","Hello, my dear beloved daughter. We have come back for you. Please come with us and be happy and never think of this terrible, terrible place again!","Hello, my dear beloved daughter. We have come back for you. Please come with us and be happy and never think of this terrible, terrible place again!"
"THSD112HF","Yellow-Actor","THE END.","THE END."
"THSD114HT","Hound-Actor","Bwah-ha-ha!","Bwah-ha-ha!"
"THSD115HF","Yellow-Actor","Yay! Snow! Weee!","Yay! Snow! Weee!"
"THSD116HT","Hound-Actor","Sigh. Woe is me. Always, snow.","Sigh. Woe is me. Always, snow."
"THSD117SF","Pink-Flower","You--you--","You--you--"
"THSD118FF","Orange-Flower","You shot him!","You shot him!"
"THSD119SF","Pink-Flower","He's dead!","He's dead!"
"THSD120HF","Yellow-Actor","I... was just... trying to... entertain Glllllk!","I... was just... trying to... entertain Glllllk!"
"THSD121RA","Raz","I... I didn't mean to... I...","I... I didn't mean to... I..."
"THSD123RA","Raz","Hey, can I have a ride up to the balcony please?","Hey, can I have a ride up to the balcony please?"
"THSD124HF","Yellow-Actor","Gee, why would you want to go there? That's not a happy place!","Gee, why would you want to go there? That's not a happy place!"
"THSD125RA","Raz","I... uh... want to spread some, uh, happiness over there.","I... uh... want to spread some, uh, happiness over there."
"THSD126HF","Yellow-Actor","Hey, that's a great idea! Help yourself!","Hey, that's a great idea! Help yourself!"
"THSD127RA","Raz","What a jerk!","What a jerk!"
"THSD128RA","Raz","If I could just get up there, I'd show him.","If I could just get up there, I'd show him."
"THSD129RA","Raz","If I only had some Psychic flying or something. Or some stilts, or a helicopter.","If I only had some Psychic flying or something. Or some stilts, or a helicopter."
"THSD130RA","Raz","Ooof!","Ooof!"
"THSD131RA","Raz","Ghhh!","Ghhh!"
"THSD132RA","Raz","Grrrrrrrr!","Grrrrrrrr!"
"THSD133RA","Raz","Ouch!","Ouch!"
"THSD134RA","Raz","That hurt!","That hurt!"
"THSD135RA","Raz","Ow!","Ow!"
"THSD136RA","Raz","Dang!","Dang!"
"THSD137RA","Raz","Cut it out!","Cut it out!"
"THSD138RA","Raz","Stop that!","Stop that!"
"THSD139RA","Raz","I hate that guy.","I hate that guy."
"THSD140RA","Raz","Down puppies! Nice puppies! Down!","Down puppies! Nice puppies! Down!"
"THSD141RA","Raz","Here birdie, birdie!","Here birdie, birdie!"
"THSD142RA","Raz","Sit!","Sit!"
"THSD143RA","Raz","Stay!","Stay!"
"THSD144RA","Raz","Go away!","Go away!"
"THSD145RA","Raz","Wait, keep back. I have a cold.","Wait, keep back. I have a cold."
"THSD146RA","Raz","Ick.","Ick."
"THSD147RA","Raz","Hello!","Hello!"
"THSD148RA","Raz","Hi. My name is Raz.","Hi. My name is Raz."
"THSD149RA","Raz","It's short for Razputin!","It's short for Razputin!"
"THSD150RA","Raz","Hey, who's that?","Hey, who's that?"
"THSD151RA","Raz","If I could only get up there somehow.","If I could only get up there somehow."
"THSD152RA","Raz","Hmmm.","Hmmm."
"THSD153RA","Raz","Hm-mmm.","Hm-mmm."
"THSD155RA","Raz","Hmm?","Hmm?"
"THSD156RA","Raz","Hm.","Hm."
"THSD157RA","Raz","Woo-hoo!","Woo-hoo!"
"THSD158RA","Raz","Ta-da!","Ta-da!"
"THSD159RA","Raz","Rrrrr!","Rrrrr!"
"THSD160RA","Raz","No room to think in here.","No room to think in here."
"THSD162RA","Raz","I need to get that script back, I think!","I need to get that script back, I think!"
"THSD163RA","Raz","Heh heh heh!","Heh heh heh!"
"THSD165RA","Raz","Huh?","Huh?"
"THSD166RA","Raz","What the--","What the--"
"THSD167RA","Raz","Weeeee!","Weeeee!"
"THCW002PT","Phantom","Ho-ho!","Ho-ho!"
"THCW003PT","Phantom","Heh.","Heh."
"THCW004PT","Phantom","Heh-heh.","Heh-heh."
"THCW005PT","Phantom","Arrrrr!","Arrrrr!"
"THCW006PT","Phantom","Oooof!","Oooof!"
"THCW007PT","Phantom","Ah! You! You did this to me! I'll get you!","Ah! You! You did this to me! I'll get you!"
"THCW008PT","Phantom","AHHGH! What have you done to me?! My beautiful face! I'll get you for this!","AHHGH! What have you done to me?! My beautiful face! I'll get you for this!"
"THRA001BE","Becky","Hmmmmm.","Hmmmmm."
"THRA002BE","Becky","I can do this. I can do this. I can do this. I am in control. I am in control. I am in control. People are listening to me. People listen to me. People care about what I have to say. People respect me. People are listening to me.","I can do this. I can do this. I can do this. I am in control. I am in control. I am in control. People are listening to me. People listen to me. People care about what I have to say. People respect me. People are listening to me."
"THRA001JA","Jasper","(snarf.)","(snarf.)"
"THRA001GL","Gloria","Ooooooh.","Ooooooh."
"THSD008BE","Becky","Alright, this is it. Cue the sun in five! Four! Three!","Alright, this is it. Cue the sun in five! Four! Three!"
"THSD009JA","Jasper","Ha! I've seen better shines on a shoe!","Ha! I've seen better shines on a shoe!"
"THSD010JA","Jasper","Yeah, you heard me! Up here, sunshine! This play stinks! You call that a costume? You look like a tin-foil ornament on top a Christmas tree of mediocrity.","Yeah, you heard me! Up here, sunshine! This play stinks! You call that a costume? You look like a tin-foil ornament on top a Christmas tree of mediocrity."
"THSD011JA","Jasper","I, Jasper Rolls, the esteemed and famous critic, say it's time to drag this whole play outside and leave it on the curb for the garbage men.","I, Jasper Rolls, the esteemed and famous critic, say it's time to drag this whole play outside and leave it on the curb for the garbage men."
"THSD012JA","Jasper","Why don't you quit while you can still get a job as a night light! Ah-ha-ha!","Why don't you quit while you can still get a job as a night light! Ah-ha-ha!"
"THSD013JA","Jasper","Though predictable and melodramatic, Bonita Soleil's exits are always this reviewer's favorite part of her performance.","Though predictable and melodramatic, Bonita Soleil's exits are always this reviewer's favorite part of her performance."
"THSD014BE","Becky","Okay, let's try this one more time. Cue the sun!","Okay, let's try this one more time. Cue the sun!"
"THSD015JA","Jasper","I've heard that stars are full of hot gas, but this one takes the cake!","I've heard that stars are full of hot gas, but this one takes the cake!"
"THSD016JA","Jasper","...combines a supernova ego with white dwarf talent...","...combines a supernova ego with white dwarf talent..."
"THSD017JA","Jasper","I hope you didn't forget your lines. The mind is the first thing to go in OLD AGE, you know.","I hope you didn't forget your lines. The mind is the first thing to go in OLD AGE, you know."
"THSD018JA","Jasper","This play needs another run through the typewriter. No, wait. Make that a shredder!","This play needs another run through the typewriter. No, wait. Make that a shredder!"
"THSD019JA","Jasper","Boooo! Get off the stage!","Boooo! Get off the stage!"
"THSD020JA","Jasper","Hsssss! Hsssss!","Hsssss! Hsssss!"
"THSD021JA","Jasper","Isn't it time for you to set?","Isn't it time for you to set?"
"THSD022JA","Jasper","I can see why they say not to stare at the sun too long or you'll go blind.","I can see why they say not to stare at the sun too long or you'll go blind."
"THSD023JA","Jasper","My kid puts on better plays in the backyard!","My kid puts on better plays in the backyard!"
"THSD024JA","Jasper","Are you going to try to sing? Hold on. Where's my pen? I need to jam it into my ears.","Are you going to try to sing? Hold on. Where's my pen? I need to jam it into my ears."
"THSD025JA","Jasper","You've got less talent than this piece of--no, wait than THIS piece of popcorn. That first one was too big!","You've got less talent than this piece of--no, wait than THIS piece of popcorn. That first one was too big!"
"THAC000RA","Raz","Excuse me, Miss Soleil? I heard you were feeling bad, so I just wanted to say that...","Excuse me, Miss Soleil? I heard you were feeling bad, so I just wanted to say that..."
"THAC001RA","Raz","...whatever you're going through, you're not alone. ","...whatever you're going through, you're not alone. "
"THAC002RA","Raz","I used to be a performer myself and I know how hard it is when--","I used to be a performer myself and I know how hard it is when--"
"THAC003BT","Bonita","Kid, can't you see I'm trying to have a moment here?","Kid, can't you see I'm trying to have a moment here?"
"THAC004RA","Raz","Whoa. Sorry. I was looking for Bonita Soleil.","Whoa. Sorry. I was looking for Bonita Soleil."
"THAC005BT","Bonita","You mean the personal muse of Gloria Von Gouton? Her inner sunshine?","You mean the personal muse of Gloria Von Gouton? Her inner sunshine?"
"THAC006RA","Raz","The spirit of her youth, yes.","The spirit of her youth, yes."
"THAC007BT","Bonita","That's me. Whaddya want? An autograph? I'm kinda busy here.","That's me. Whaddya want? An autograph? I'm kinda busy here."
"THAC008RA","Raz","So, are you ready for your big number?","So, are you ready for your big number?"
"THAC009BT","Bonita","Did you put a candle in that spotlight and light it yet?","Did you put a candle in that spotlight and light it yet?"
"THAC010RA","Raz","No. But I'm ABOUT to, so uh... five minutes, Miss Soleil!","No. But I'm ABOUT to, so uh... five minutes, Miss Soleil!"
"THAC011BT","Bonita","Thanks, Sonny.","Thanks, Sonny."
"THAC012RA","Raz","Now you see, that performance is exactly why we need to practice.","Now you see, that performance is exactly why we need to practice."
"THAC013BT","Bonita","Beat it, kid. I'm through.","Beat it, kid. I'm through."
"THAC014BT","Bonita","As long as Jasper and that Phantom are out there, I'm staying back here...","As long as Jasper and that Phantom are out there, I'm staying back here..."
"THAC015BT","Bonita","...wallowing in my glamorous torment.","...wallowing in my glamorous torment."
"THAC016RA","Raz","The show must go on!","The show must go on!"
"THAC017BT","Bonita","Yeah, it must go on without me, as long as Jasper Rolls and that Phantom are out there!","Yeah, it must go on without me, as long as Jasper Rolls and that Phantom are out there!"
"THAC018BT","Bonita","Sorry, kid.","Sorry, kid."
"THAC019RA","Raz","They need you on stage right away for your big number!","They need you on stage right away for your big number!"
"THAC020BT","Bonita","Am I not playing this right or something? I'm drowning in a quagmire of self pity!","Am I not playing this right or something? I'm drowning in a quagmire of self pity!"
"THAC021BT","Bonita","Why aren't you getting that? Should I be doing more with my hands?","Why aren't you getting that? Should I be doing more with my hands?"
"THAC022RA","Raz","So  who's that crying?","So  who's that crying?"
"THAC023BT","Bonita","Oh, sorry--","Oh, sorry--"
"THAC024BT","Bonita","Hey, can we kill the waterworks for a second?","Hey, can we kill the waterworks for a second?"
"THAC025BT","Bonita","Thanks.","Thanks."
"THAC026BT","Bonita","It's a recording. It helps me focus.","It's a recording. It helps me focus."
"THAC027RA","Raz","So, you're not going out on stage?","So, you're not going out on stage?"
"THAC028BT","Bonita","Have you seen any of the plays we put on here? Those god-awful slices of Gloria's terrible life? ","Have you seen any of the plays we put on here? Those god-awful slices of Gloria's terrible life? "
"THAC029BT","Bonita","How am I supposed to bring light to those?","How am I supposed to bring light to those?"
"THAC030BT","Bonita","Listen, the burden of being the only sunshine in this theater is just too much for one beautiful, glowing, inspirational muse to bear you know?","Listen, the burden of being the only sunshine in this theater is just too much for one beautiful, glowing, inspirational muse to bear you know?"
"THAC031RA","Raz","You're not scared of that Phantom are you?","You're not scared of that Phantom are you?"
"THAC032BT","Bonita","No, it's not him I'm frightened of.","No, it's not him I'm frightened of."
"THAC033BT","Bonita","It's that fat one who clings to the side of the theater like a blood-swollen tick, sucking out its life.","It's that fat one who clings to the side of the theater like a blood-swollen tick, sucking out its life."
"THAC034RA","Raz","Ew.","Ew."
"THAC035BT","Bonita","He's always been there, but he wasn't always that big and loud. ","He's always been there, but he wasn't always that big and loud. "
"THAC036BT","Bonita","I couldn't hear him much at all, really, until Gloria's mother hit the stage.","I couldn't hear him much at all, really, until Gloria's mother hit the stage."
"THAC037RA","Raz","He didn't like her performance either?","He didn't like her performance either?"
"THAC038BT","Bonita","No, I mean HIT the stage. Ker-splat.","No, I mean HIT the stage. Ker-splat."
"THAC039BT","Bonita","Jumped from the catwalks while Gloria was in Paris. ","Jumped from the catwalks while Gloria was in Paris. "
"THAC041BT","Bonita","Yeah, that's what the janitor said too.","Yeah, that's what the janitor said too."
"THAC042RA","Raz","I haven't seen any plays. How do I see a play?","I haven't seen any plays. How do I see a play?"
"THAC043BT","Bonita","Well, those actors are worthless without a good script.","Well, those actors are worthless without a good script."
"THAC044BT","Bonita","Just find a script and give it to that bossy little dynamo with the headphones, she'll know what to do.","Just find a script and give it to that bossy little dynamo with the headphones, she'll know what to do."
"THAC045RA","Raz","Where do I find a script?","Where do I find a script?"
"THAC046BT","Bonita","Those actors are always hiding copies on one set or another, in case they forget their lines.","Those actors are always hiding copies on one set or another, in case they forget their lines."
"THAC047BT","Bonita","And that mean, fat, horrible Jasper has one he's always trying to get produced.","And that mean, fat, horrible Jasper has one he's always trying to get produced."
"THAC048BT","Bonita","When you find a script, give it to Becky Houndstooth.","When you find a script, give it to Becky Houndstooth."
"THAC049BT","Bonita","But be careful.  If you play a script on a set it wasn't written for, you never know what might happen!","But be careful.  If you play a script on a set it wasn't written for, you never know what might happen!"
"THAC050RA","Raz","Is there any way I can get you to take the stage? For the fans?","Is there any way I can get you to take the stage? For the fans?"
"THAC051BT","Bonita","If you can get me some help out there, so I'm not the only light on the set...","If you can get me some help out there, so I'm not the only light on the set..."
"THAC052RA","Raz","I'll turn on a spotlight!","I'll turn on a spotlight!"
"THAC053BT","Bonita","Eh, that could work, but you'll need a candle...","Eh, that could work, but you'll need a candle..."
"THAC054BT","Bonita","I think there might be a spare in the storeroom.","I think there might be a spare in the storeroom."
"THAC055BT","Bonita","If you can get a candle into a spotlight and light it, I'll come out and give the show one last try.","If you can get a candle into a spotlight and light it, I'll come out and give the show one last try."
"THAC056BT","Bonita","But I'm not promising anything!","But I'm not promising anything!"
"THAC057RA","Raz","I'll leave you alone now. I know you have a lot of crying to do.","I'll leave you alone now. I know you have a lot of crying to do."
"THAC058BT","Bonita","Thank you. Now where was I?","Thank you. Now where was I?"
"THJA000JA","Jasper","ZZzzzzzZZZzz.","ZZzzzzzZZZzz."
"THJA001JA","Jasper","ZZzzzz. ZzzZZZZZZ.","ZZzzzz. ZzzZZZZZZ."
"THJA002JA","Jasper","Zzzzzz-ZZzzzzz.","Zzzzzz-ZZzzzzz."
"THJA003RA","Raz","Hey, can you help me get up to the catwalks so I can fight that phantom?","Hey, can you help me get up to the catwalks so I can fight that phantom?"
"THJA004JA","Jasper","Ha! Can't get there from here! Ha ha ha!","Ha! Can't get there from here! Ha ha ha!"
"THJA005JA","Jasper","I mean, unless you did that one, particular play on that one, particular set...","I mean, unless you did that one, particular play on that one, particular set..."
"THJA006JA","Jasper","Oh, but what am I saying? That's almost impossible. ","Oh, but what am I saying? That's almost impossible. "
"THJA007JA","Jasper","Forget about it. The theater is doomed!","Forget about it. The theater is doomed!"
"THJA009JA","Jasper","Ah, you've tasted excellence, and now you're back, begging for another bowl of quality theater?","Ah, you've tasted excellence, and now you're back, begging for another bowl of quality theater?"
"THJA011JA","Jasper","Ew, oh. Well unfortunately for you that's the last script I'll waste on this theater. ","Ew, oh. Well unfortunately for you that's the last script I'll waste on this theater. "
"THJA012JA","Jasper","I'm saving the rest for Broadway!","I'm saving the rest for Broadway!"
"THJA013JA","Jasper","Just dig around the sets. I'm sure you'll find some horrible scripts in there. ","Just dig around the sets. I'm sure you'll find some horrible scripts in there. "
"THJA014JA","Jasper","Oh, except do NOT do that, because they certainly would NOT help you get to the catwalks, which are very dangerous anyway, so give up.","Oh, except do NOT do that, because they certainly would NOT help you get to the catwalks, which are very dangerous anyway, so give up."
"THJA015RA","Raz","You're mean and fat.","You're mean and fat."
"THJA016JA","Jasper","And?","And?"
"THJA017RA","Raz","Just giving you the update.","Just giving you the update."
"THJA018JA","Jasper","At least I'm good at it.","At least I'm good at it."
"THJA020JA","Jasper","I'm trying to save you from that mysterious Phantom character!","I'm trying to save you from that mysterious Phantom character!"
"THJA021JA","Jasper","He only attacks when Bonita performs!","He only attacks when Bonita performs!"
"THJA022JA","Jasper","If we got rid of Little Miss Sunshine, we'd all be safer now wouldn't we?","If we got rid of Little Miss Sunshine, we'd all be safer now wouldn't we?"
"THJA023JA","Jasper","I'm only thinking of the children. ","I'm only thinking of the children. "
"THJA025JA","Jasper","The young boy's protests, though heartfelt, quickly lapsed into simplistic and tedious platitudes. One and a half stars!","The young boy's protests, though heartfelt, quickly lapsed into simplistic and tedious platitudes. One and a half stars!"
"THJA026RA","Raz","Bonita's just trying to lighten things up around here!","Bonita's just trying to lighten things up around here!"
"THJA028JA","Jasper","She should quit now, while she can still get a job as a night light.","She should quit now, while she can still get a job as a night light."
"THJA029RA","Raz","If you hate the show so much, why don't you just leave?","If you hate the show so much, why don't you just leave?"
"THJA030JA","Jasper","I can't stop looking at it. It's like the sight of a horrible car accident.","I can't stop looking at it. It's like the sight of a horrible car accident."
"THJA031JA","Jasper","A car accident where the victims can't act, and the paramedics forget their lines.","A car accident where the victims can't act, and the paramedics forget their lines."
"THJA032RA","Raz","Alright, later, you old gas bag.","Alright, later, you old gas bag."
"THJA033JA","Jasper","Listen, this play just stinks. Here. Try this one instead.","Listen, this play just stinks. Here. Try this one instead."
"THJA034JA","Jasper","This play has some ACTION in it, some zing!","This play has some ACTION in it, some zing!"
"THJA035RA","Raz","Wow, thanks. Are you actually being nice?","Wow, thanks. Are you actually being nice?"
"THJA036JA","Jasper","No! I'm just trying to keep myself halfway entertained!","No! I'm just trying to keep myself halfway entertained!"
"THJA037JA","Jasper","Go! Give that to Becky and see if she can't find some actors to ruin it!","Go! Give that to Becky and see if she can't find some actors to ruin it!"
"THJA038JA","Jasper","Ha. Break a leg.","Ha. Break a leg."
"THJA008RA","Raz","Excuse me, Mr. Rolls, but do you have any more scripts?","Excuse me, Mr. Rolls, but do you have any more scripts?"
"THJA010RA","Raz","Not really. But I think that if I find a play that moves the props around in just the right way, I can use them to get up to the catwalks and fight the Phantom!","Not really. But I think that if I find a play that moves the props around in just the right way, I can use them to get up to the catwalks and fight the Phantom!"
"THJA019RA","Raz","Hey, why do you have to be so hard on Bonita?","Hey, why do you have to be so hard on Bonita?"
"THJA024RA","Raz","If you can't say something nice, don't say anything at all.","If you can't say something nice, don't say anything at all."
"THBF000SF","Pink-Flower","And where would Gloria be without her muse?","And where would Gloria be without her muse?"
"THBF001HF","Yellow-Actor","Her inner sunshine!","Her inner sunshine!"
"THBF002FF","Orange-Flower","The spirit of her youth!","The spirit of her youth!"
"THBF003SF","Pink-Flower","Played tonight, once again, by...","Played tonight, once again, by..."
"THBF004SF","Pink-Flower","Bonita Soleil!","Bonita Soleil!"
"THBF007JA","Jasper","You'd better listen to me! You're no good! This play stinks! It's worse than ever before! Oh, I can't believe you call this theater!","You'd better listen to me! You're no good! This play stinks! It's worse than ever before! Oh, I can't believe you call this theater!"
"THBF008JA","Jasper","I can't even see it from down here, but I know it's bad! Can you hear me?","I can't even see it from down here, but I know it's bad! Can you hear me?"
"THBF009JA","Jasper","Oh, you've got fat arms, you hear me? Big fat arms like a wrestler!","Oh, you've got fat arms, you hear me? Big fat arms like a wrestler!"
"THBF010JA","Jasper","And a little turkey gobble hanging from your neck!","And a little turkey gobble hanging from your neck!"
"THBF011JA","Jasper","Oh, your knees are ugly, and you snort when you laugh!","Oh, your knees are ugly, and you snort when you laugh!"
"THBI000RA","Raz","Okay Phantom, it's time to find out who--","Okay Phantom, it's time to find out who--"
"THBI001RA","Raz","...you really are.","...you really are."
"THBI002RA","Raz","What?","What?"
"THBI003RA","Raz","I totally guessed that!","I totally guessed that!"
"THBI004FF","Orange-Flower","Nuh-uh. You said it was Becky!","Nuh-uh. You said it was Becky!"
"THBI005RA","Raz","Tssssst!","Tssssst!"
"THBI006RA","Raz","Okay, the jig is up, PHANTOM!","Okay, the jig is up, PHANTOM!"
"THBI007JA","Jasper","What? Why, I never! How dare you accuse me of being the rugged and romantic scoundrel that has thrilled and terrified audiences for years!","What? Why, I never! How dare you accuse me of being the rugged and romantic scoundrel that has thrilled and terrified audiences for years!"
"THBI008RA","Raz","Yeah, I guess you're right. He's so agile, and limber, and... thin. He could never be you.","Yeah, I guess you're right. He's so agile, and limber, and... thin. He could never be you."
"THBI009JA","Jasper","Why you! Of course it's me!","Why you! Of course it's me!"
"THBI010RA","Raz","Well it's time to hang up the cape, Tubs, because your days of terrorizing the theater as the Phantom are over.","Well it's time to hang up the cape, Tubs, because your days of terrorizing the theater as the Phantom are over."
"THBI011JA","Jasper","Maybe as the Phantom, but he's nothing compared to the full, destructive force of an angry critic! Ha ha ha!","Maybe as the Phantom, but he's nothing compared to the full, destructive force of an angry critic! Ha ha ha!"
"THBI012RA","Raz","Hmm. How can I say this and still sound cool... sticks and stones may break my bones but words will never hurt me?","Hmm. How can I say this and still sound cool... sticks and stones may break my bones but words will never hurt me?"
"THBI013JA","Jasper","Well then!","Well then!"
"THBI014JA","Jasper","How 'bout these? Wahahahahaha!","How 'bout these? Wahahahahaha!"
"THFP000BE","Becky","Look alive, people! Bonita Soleil is about to take the stage!","Look alive, people! Bonita Soleil is about to take the stage!"
"THFP001BE","Becky","Flower girls in position one. And... ACTION!","Flower girls in position one. And... ACTION!"
"THFP002SF","Pink-Flower","Tonight I will be playing the part of Gloria Von Gouton, the famous actress!","Tonight I will be playing the part of Gloria Von Gouton, the famous actress!"
"THFP003HF","Yellow-Actor","In this nostalgic memory of her breakthrough role in the smash hit musical...","In this nostalgic memory of her breakthrough role in the smash hit musical..."
"THFP004FF","Orange-Flower","""Sunshine Shenanigans!""","""Sunshine Shenanigans!"""
"THFP005SF","Pink-Flower","Yay! Wooo!","Yay! Wooo!"
"THFP008PT","Phantom","Heh heh heh.","Heh heh heh."
"THFP009SF","Pink-Flower","Oh, I do so hope that my mother is proud of me!","Oh, I do so hope that my mother is proud of me!"
"THFP010BE","Becky","Not again!","Not again!"
"THFP011FF","Orange-Flower","The Phantom!","The Phantom!"
"THFP012JA","Jasper","I've seen some bad plays in my day, but this one's an actual menace. And it's all HER fault.","I've seen some bad plays in my day, but this one's an actual menace. And it's all HER fault."
"THFP013JA","Jasper","It's her bad acting that makes the Phantom strike!","It's her bad acting that makes the Phantom strike!"
"THFP015BT","Bonita","Boo hoo hoo!","Boo hoo hoo!"
"THFP016JA","Jasper","This time, I'm going to file a formal complaint and get this theater shut down! ","This time, I'm going to file a formal complaint and get this theater shut down! "
"THFP017BE","Becky","Great. Well, I'm off to go kill myself. ","Great. Well, I'm off to go kill myself. "
"THFP018RA","Raz","You know, you could be a more constructive critic.","You know, you could be a more constructive critic."
"THFP019JA","Jasper","Kid, if you want to see a GOOD play, come talk to me. I've got a script here that will knock 'em dead, I promise.","Kid, if you want to see a GOOD play, come talk to me. I've got a script here that will knock 'em dead, I promise."
"THAA000BE","Becky","CUT! ","CUT! "
"THAA001BE","Becky","Hey! Kid! Can't you see I'm trying to produce a play here?","Hey! Kid! Can't you see I'm trying to produce a play here?"
"THAA002RA","Raz","Uh... no.","Uh... no."
"THAA003BE","Becky","Oh god!","Oh god!"
"THAA004BE","Becky","Even a child can see I've lost control of this production! ","Even a child can see I've lost control of this production! "
"THAA005BE","Becky","Okay, Becky, get a grip...","Okay, Becky, get a grip..."
"THAA006RA","Raz","Child? ","Child? "
"THAA007BE","Becky","Look, kid, it wasn't always like this! We used to have a hit show on our hands! Everybody loved us!","Look, kid, it wasn't always like this! We used to have a hit show on our hands! Everybody loved us!"
"THAA008BE","Becky","But then our big star, Bonita Soleil, got stage fright and locked herself in her dressing room!","But then our big star, Bonita Soleil, got stage fright and locked herself in her dressing room!"
"THAA009BE","Becky","So now we're stuck flipping between ""Sunshine Shenanigans"" and ""The Horror of Hagatha Home!""","So now we're stuck flipping between ""Sunshine Shenanigans"" and ""The Horror of Hagatha Home!"""
"THAA010JA","Jasper","Which is like flipping between a root canal and a sharp stick in the eye!","Which is like flipping between a root canal and a sharp stick in the eye!"
"THAA011BE","Becky","Just ignore Jasper. He's just a critic, who happens to be right.","Just ignore Jasper. He's just a critic, who happens to be right."
"THAA012RA","Raz","I'll go talk to Bonita. I'm sure all she needs is a little pep talk. ","I'll go talk to Bonita. I'm sure all she needs is a little pep talk. "
"THAA013JA","Jasper","That, and acting lessons.","That, and acting lessons."
"THAA014BE","Becky","If you can get Bonita to take the stage again, then you're the star of my show, kid.","If you can get Bonita to take the stage again, then you're the star of my show, kid."
"THAD000BE","Becky","Hey, what's this? A new script?","Hey, what's this? A new script?"
"THAD001BE","Becky","""Knight of Joy?""","""Knight of Joy?"""
"THAD002BE","Becky","Weird. It smells like popcorn. And it doesn't say which set to play it on...","Weird. It smells like popcorn. And it doesn't say which set to play it on..."
"THAD003BE","Becky","Oh well. We'll just play it on whatever's on stage. I mean, what could POSSIBLY go wrong?","Oh well. We'll just play it on whatever's on stage. I mean, what could POSSIBLY go wrong?"
"THAD004BE","Becky","Here. You can be my first A.D.","Here. You can be my first A.D."
"THAD005BE","Becky","Use the megaphone if you want to run the play again.","Use the megaphone if you want to run the play again."
"THAD006BE","Becky","Okay! New script everybody! Let's practice!","Okay! New script everybody! Let's practice!"
"THAD007BE","Becky","Aaaand action!","Aaaand action!"
"THAD008BE","Becky","Oh, another script!","Oh, another script!"
"THAD009BE","Becky","""The Day the Mail Boat Finally Came.""","""The Day the Mail Boat Finally Came."""
"THAD010BE","Becky","Uh-oh.","Uh-oh."
"THAD011BE","Becky","Prop department? I'm going to need a boat on stage right away.","Prop department? I'm going to need a boat on stage right away."
"THAD012BE","Becky","Okay, people! Places everyone!","Okay, people! Places everyone!"
"THAD013BE","Becky","""Goodbye Hagatha Home.""","""Goodbye Hagatha Home."""
"THAD014BE","Becky","Hey, I--I think this is the one with the--","Hey, I--I think this is the one with the--"
"THAD015BE","Becky","Hey, props. Is that hot air balloon still working?","Hey, props. Is that hot air balloon still working?"
"THAD016BE","Becky","Let's hustle people! It's show time!","Let's hustle people! It's show time!"
"THAD017BE","Becky","That means you too, kid. You gotta hustle onto that balloon if you want to get up to the catwalks.","That means you too, kid. You gotta hustle onto that balloon if you want to get up to the catwalks."
"THAB000BE","Becky","I have GOT to get control over this production!","I have GOT to get control over this production!"
"THAB001BE","Becky","If only Bonita would come out here and do her thing.","If only Bonita would come out here and do her thing."
"THAB002BE","Becky","Okay, Becky. Get a grip!","Okay, Becky. Get a grip!"
"THAB003BE","Becky","A-hoo hoo hoo!","A-hoo hoo hoo!"
"THAB004BE","Becky","I am NOT crying.","I am NOT crying."
"THAB005BE","Becky","God. ","God. "
"THAB006BE","Becky","Okay. Okay. Okay.","Okay. Okay. Okay."
"THAB007RA","Raz","Everything under control there, Becky?","Everything under control there, Becky?"
"THAB008RA","Raz","Everything okay there Becky?","Everything okay there Becky?"
"THAB009BE","Becky","Ah! Why did you say that? What have you heard?","Ah! Why did you say that? What have you heard?"
"THAB011BE","Becky","You get Bonita Soleil to perform again, and everything will be GREAT.","You get Bonita Soleil to perform again, and everything will be GREAT."
"THAB012BE","Becky","Her dressing room is behind the stage to the right, at the end of the hall.","Her dressing room is behind the stage to the right, at the end of the hall."
"THAB013RA","Raz","Hey, you said that if Bonita performed, everything would be okay.","Hey, you said that if Bonita performed, everything would be okay."
"THAB014BE","Becky","Okay, so I left out the part about the deadly Phantom. I thought you'd chicken out!","Okay, so I left out the part about the deadly Phantom. I thought you'd chicken out!"
"THAB015RA","Raz","Ma'am. I'm a Psychonaut. Just show me how to get up to those catwalks he hides out in and--","Ma'am. I'm a Psychonaut. Just show me how to get up to those catwalks he hides out in and--"
"THAB016BE","Becky","Sorry. No way up there.","Sorry. No way up there."
"THAB017BE","Becky","Well, there was this ONE play...","Well, there was this ONE play..."
"THAB018BE","Becky","We would lower this prop hot air balloon down from the catwalks, and then pull it back up again...","We would lower this prop hot air balloon down from the catwalks, and then pull it back up again..."
"THAB019BE","Becky","But I think one of the actors lost the script somewhere.","But I think one of the actors lost the script somewhere."
"THAB020BE","Becky","If you find it--or any other play for crying out loud--just bring it to me and I'll run the actors through it.","If you find it--or any other play for crying out loud--just bring it to me and I'll run the actors through it."
"THAB021BE","Becky","We're so desperate for new material around here!","We're so desperate for new material around here!"
"THAB022RA","Raz","So how do I get up to the catwalks? ","So how do I get up to the catwalks? "
"THAB023BE","Becky","Bring me all the scripts you find, and maybe one of them will bring that hot air balloon down.","Bring me all the scripts you find, and maybe one of them will bring that hot air balloon down."
"THAB024BE","Becky","...if you play it on the right set.","...if you play it on the right set."
"THAB025RA","Raz","Those catwalks sucked. Why did I ever want to go up there?","Those catwalks sucked. Why did I ever want to go up there?"
"THAB026BE","Becky","To fight the Phantom and save the theater?","To fight the Phantom and save the theater?"
"THAB027RA","Raz","Oh yeah!","Oh yeah!"
"THAE000RA","Raz","Becky, can we see the ""Knight of Joy"" again?","Becky, can we see the ""Knight of Joy"" again?"
"THAE001BE","Becky","Yeah, that one could use a little work.","Yeah, that one could use a little work."
"THAE002RA","Raz","""The Day the Mail Boat Finally Came"" needs another run-through, I think.","""The Day the Mail Boat Finally Came"" needs another run-through, I think."
"THAE003RA","Raz","Let's do ""Goodbye Hagatha Home"" once more, okay?","Let's do ""Goodbye Hagatha Home"" once more, okay?"
"THAE004RA","Raz","Doing a great job, Becky!","Doing a great job, Becky!"
"THAE005BE","Becky","Aw!","Aw!"
"THAF000BE","Becky","Hey, whoa, whoa, whoa, whoa, CAREFUL!","Hey, whoa, whoa, whoa, whoa, CAREFUL!"
"THAF001BE","Becky","That's the manual mood override. That's how we set the right mood for the play. ","That's the manual mood override. That's how we set the right mood for the play. "
"THAF002BE","Becky","Mess with that, we'll have happy plays on sad sets, sad plays on happy sets","Mess with that, we'll have happy plays on sad sets, sad plays on happy sets"
"THAF003BE","Becky","Total chaos. Or worse--IMPROV.","Total chaos. Or worse--IMPROV."
"THAF004BE","Becky","So whatever you do...","So whatever you do..."
"THAF005BE","Becky","Don't mess with the manual mood override unless you want to see some strange stuff happen!","Don't mess with the manual mood override unless you want to see some strange stuff happen!"
"THAG000SF","Pink-Flower","Oh, who would have thought that I, Gloria Von Gouton, would be starring in my own Broadway musical at such a young age?","Oh, who would have thought that I, Gloria Von Gouton, would be starring in my own Broadway musical at such a young age?"
"THAG001SF","Pink-Flower","I hope my mother is proud of me. Well, here it goes!","I hope my mother is proud of me. Well, here it goes!"
"THAH000SF","Pink-Flower","Oh, my dear Mother! Do you not love my new seaside mansion, bought with a fraction of the wealth my overnight success has given to me?","Oh, my dear Mother! Do you not love my new seaside mansion, bought with a fraction of the wealth my overnight success has given to me?"
"THAH001FF","Orange-Flower","Yes, Gloria, my daughter. I only live to make you happy.","Yes, Gloria, my daughter. I only live to make you happy."
"THAH002SF","Pink-Flower","We are so lucky to be together again so that I could share it all with you, and also that you are not even jealous of my youth and fame, though my star has risen so much faster and grown so much bigger than that of yours, which has so quickly faded!","We are so lucky to be together again so that I could share it all with you, and also that you are not even jealous of my youth and fame, though my star has risen so much faster and grown so much bigger than that of yours, which has so quickly faded!"
"THAH003FF","Orange-Flower","Yes.  ","Yes.  "
"THAH004SF","Pink-Flower","I love sharing my wealth and fame with you dear mother.","I love sharing my wealth and fame with you dear mother."
"THAH005FF","Orange-Flower","Yes. And I am so glad that you remember that you owe it all to me.","Yes. And I am so glad that you remember that you owe it all to me."
"THAI000SF","Pink-Flower","Goodbye my previously dear mother! I flee now to Europe to escape your insane jealousy over my amazing career.","Goodbye my previously dear mother! I flee now to Europe to escape your insane jealousy over my amazing career."
"THAI001FF","Orange-Flower","Please do not leave me, Gloria my daughter! Go now and I shall do something unto myself both drastic and traumatizing to you emotionally!","Please do not leave me, Gloria my daughter! Go now and I shall do something unto myself both drastic and traumatizing to you emotionally!"
"THAI002SF","Pink-Flower","Care, I do not, for you sicken me with disgust. Adieu, ma mère. Adieu.","Care, I do not, for you sicken me with disgust. Adieu, ma mère. Adieu."
"THAI003FF","Orange-Flower","Daughter please do not run off to Europe to escape my jealous wrath, or I will surely kill unto myself to the death.","Daughter please do not run off to Europe to escape my jealous wrath, or I will surely kill unto myself to the death."
"THAI004SF","Pink-Flower","Break a leg, mother!","Break a leg, mother!"
"THAJ000HT","Hound-Actor","Bwah-ha-ha! Welcome to Hagatha Home School for Girls, where you will begin your long and painful training in the theatrical disciplines. Bwah-ha-ha.","Bwah-ha-ha! Welcome to Hagatha Home School for Girls, where you will begin your long and painful training in the theatrical disciplines. Bwah-ha-ha."
"THAJ001ST","Small-Thistle","But I don't want to study theater! I want my mom to come take me home right now!","But I don't want to study theater! I want my mom to come take me home right now!"
"THAJ002FT","Big-Thistle","Your mom has a career and a boyfriend to think about. She doesn't have time for an ugly little girl like you.","Your mom has a career and a boyfriend to think about. She doesn't have time for an ugly little girl like you."
"THAJ004HT","Hound-Actor","There is nothing more tedious than the tears of an unlovable child.","There is nothing more tedious than the tears of an unlovable child."
"THAJ005FT","Big-Thistle","It's time to suffer for your art!","It's time to suffer for your art!"
"THAJ006ST","Small-Thistle","Oh when will my mother come and rescue me from the cruel training of Hagatha Home?","Oh when will my mother come and rescue me from the cruel training of Hagatha Home?"
"THAJ007HT","Hound-Actor","Bwah ha ha!","Bwah ha ha!"
"THAJ008FT","Big-Thistle","Never!","Never!"
"THAK000ST","Small-Thistle","Wherefore art thou, O elusive mail boat? How I yearn for the shores of my loneliness to be creased by your sturdy keel!","Wherefore art thou, O elusive mail boat? How I yearn for the shores of my loneliness to be creased by your sturdy keel!"
"THAK001FT","Big-Thistle","The mail boat ain't comin' for you, girly!","The mail boat ain't comin' for you, girly!"
"THAK002HT","Hound-Actor","The mail boat may never come, but I think I see the mail TRAIN approacheth through yon tunnel!","The mail boat may never come, but I think I see the mail TRAIN approacheth through yon tunnel!"
"THAK003ST","Small-Thistle","Mail train? Yay! Surely, it bears to me a letter from my dear mother who abandoned me at this school for girls so long ago!","Mail train? Yay! Surely, it bears to me a letter from my dear mother who abandoned me at this school for girls so long ago!"
"THAK004ST","Small-Thistle","A dragon? Ahhhh!","A dragon? Ahhhh!"
"THAK005HT","Hound-Actor","Ha ha ha! 'Tis a dragon indeed. You have been fooled and burned.","Ha ha ha! 'Tis a dragon indeed. You have been fooled and burned."
"THAK006FT","Big-Thistle","Outstanding!","Outstanding!"
"THAK007ST","Small-Thistle","Oh, mail boat, mail boat, come and make my heart float!","Oh, mail boat, mail boat, come and make my heart float!"
"THAK008FT","Big-Thistle","Won't someone kill this bleating goat?","Won't someone kill this bleating goat?"
"THAK009HT","Hound-Actor","Let's throw this sad sack in the moat!","Let's throw this sad sack in the moat!"
"THAK010HT","Hound-Actor","HA HA HA!","HA HA HA!"
"THAL000FT","Big-Thistle","Pray tell me, my shady manager and rumored lover, must I truly ship my only daughter Gloria off to Hagatha Home School for Girls?","Pray tell me, my shady manager and rumored lover, must I truly ship my only daughter Gloria off to Hagatha Home School for Girls?"
"THAL001HT","Hound-Actor","Yes, and immediately, before she ruins our career. I mean your career.","Yes, and immediately, before she ruins our career. I mean your career."
"THAL002ST","Small-Thistle","No! Never shall I go!","No! Never shall I go!"
"THAL003FT","Big-Thistle","Worry not, baby daughter, for I every day shall write to you.","Worry not, baby daughter, for I every day shall write to you."
"THAL004HT","Hound-Actor","Yes. And I shall mail the letters myself. Personally. Bwah ha!","Yes. And I shall mail the letters myself. Personally. Bwah ha!"
"THAL005ST","Small-Thistle","Good bye!","Good bye!"
"THAL006FT","Big-Thistle","Good journey!","Good journey!"
"THAL007HT","Hound-Actor","Good riddance!","Good riddance!"
"THAM000SF","Pink-Flower","Mother, Mother, tell me true of the dad I never knew.","Mother, Mother, tell me true of the dad I never knew."
"THAM001FF","Orange-Flower","He was brave in thought and deed. Can't you hear his mighty steed?","He was brave in thought and deed. Can't you hear his mighty steed?"
"THAM002SF","Pink-Flower","Wooooow.","Wooooow."
"THAN002FT","Big-Thistle","Yeah, just ride on by Sir Deadbeat Dad. Don't hang around to help raise your poor daughter.","Yeah, just ride on by Sir Deadbeat Dad. Don't hang around to help raise your poor daughter."
"THAN003ST","Small-Thistle","Jerk.","Jerk."
"THAO000SF","Pink-Flower","Daddy?","Daddy?"
"THAP000ST","Small-Thistle","My father has nobly smoten the beast to his own death! He is a hero!","My father has nobly smoten the beast to his own death! He is a hero!"
"THAP001FT","Big-Thistle","Yay, and for the record, not a bad kisser.","Yay, and for the record, not a bad kisser."
"THAQ000SF","Pink-Flower","It was more exciting the first time.","It was more exciting the first time."
"THAQ001FF","Orange-Flower","It always is, honey.","It always is, honey."
"THAR000SF","Pink-Flower","Gasp!","Gasp!"
"THAR001FF","Orange-Flower","Yes, though you would never think, the thing that killed him was the drink.","Yes, though you would never think, the thing that killed him was the drink."
"THAS000SF","Pink-Flower","Ah-ha ha ha ha ha ha ha ha!","Ah-ha ha ha ha ha ha ha ha!"
"THAS001FF","Orange-Flower","Ah-ha ha ha ha ha ha ha ha!","Ah-ha ha ha ha ha ha ha ha!"
"THAS002SF","Pink-Flower","Idiot.","Idiot."
"THAT000SF","Pink-Flower","I say, I believe I do see the mail boat approaching!","I say, I believe I do see the mail boat approaching!"
"THAT001SF","Pink-Flower","I SAID, I BELIEVE I DO see the MAIL BOAT APPROACHING!","I SAID, I BELIEVE I DO see the MAIL BOAT APPROACHING!"
"THAT002SF","Pink-Flower","Uh, I wonder what is taking the mail boat so long to get here, after I clearly declared that I have seen it approaching?","Uh, I wonder what is taking the mail boat so long to get here, after I clearly declared that I have seen it approaching?"
"THAT003HF","Yellow-Actor","We can't find the wheels for the boat!","We can't find the wheels for the boat!"
"THAT004FF","Orange-Flower","We're SUPPOSED to have water for the boat to float on.","We're SUPPOSED to have water for the boat to float on."
"THAT005SF","Pink-Flower","I swear I can't work like this. ","I swear I can't work like this. "
"THAT006FF","Orange-Flower","Seriously. I'm calling my agent.","Seriously. I'm calling my agent."
"THAU002ST","Small-Thistle","Hm, I wonder if the captain of the boat wants to get beat up, and maybe that's why he's taking so long to bring it on stage?","Hm, I wonder if the captain of the boat wants to get beat up, and maybe that's why he's taking so long to bring it on stage?"
"THAU003HT","Hound-Actor","Somebody come help me drag this thing!","Somebody come help me drag this thing!"
"THAU004FT","Big-Thistle","Drag?? No way.","Drag?? No way."
"THAU005ST","Small-Thistle","Oh look. The mail boat sank and everybody died. The end!","Oh look. The mail boat sank and everybody died. The end!"
"THAV000SF","Pink-Flower","Ah, 'twas never a vessel more beautiful and resplendified.","Ah, 'twas never a vessel more beautiful and resplendified."
"THAV001HF","Yellow-Actor","Are you Miss Gloria Von Gouton?","Are you Miss Gloria Von Gouton?"
"THAV002SF","Pink-Flower","Yes!","Yes!"
"THAV003HF","Yellow-Actor","Well, then these bags and bags of lavender-scented fan mail must be for your beautiful self!","Well, then these bags and bags of lavender-scented fan mail must be for your beautiful self!"
"THAV004SF","Pink-Flower","Yay!","Yay!"
"THAW001HT","Hound-Actor","Sorry, no mail for you, ugly girl.","Sorry, no mail for you, ugly girl."
"THAW002ST","Small-Thistle","Waaaa!","Waaaa!"
"THAW003FT","Big-Thistle","Ha ha! In your face, fatty.","Ha ha! In your face, fatty."
"THAX000HF","Yellow-Actor","I'll just step off onto the shore here and say my next line...","I'll just step off onto the shore here and say my next line..."
"THAX001HF","Yellow-Actor","Waah!","Waah!"
"THAX002FF","Orange-Flower","You okay down there?","You okay down there?"
"THAY000HT","Hound-Actor","Okay, let me just step onto the shore that I'm sure must be here by now...","Okay, let me just step onto the shore that I'm sure must be here by now..."
"THAY002FT","Big-Thistle","Way to blow you lines, moron.","Way to blow you lines, moron."
"THAZ000SF","Pink-Flower","Sigh, when will my mother ever come take me home from this horrible school for girls?","Sigh, when will my mother ever come take me home from this horrible school for girls?"
"THAZ001FF","Orange-Flower","Do not worry, for I believe I see them floating here now in a magical balloon.","Do not worry, for I believe I see them floating here now in a magical balloon."
"THAZ002HF","Yellow-Actor","Hey! Pssst!","Hey! Pssst!"
"THAZ003FF","Orange-Flower","What?","What?"
"THAZ004HF","Yellow-Actor","There's no magic cloud in this set.","There's no magic cloud in this set."
"THAZ005FF","Orange-Flower","Rats. Well, let's just run around happily and maybe no one will notice.","Rats. Well, let's just run around happily and maybe no one will notice."
"THAZ006HF","Yellow-Actor","There's no magic cloud on this one either.","There's no magic cloud on this one either."
"THAZ007FF","Orange-Flower","Man!","Man!"
"THAZ008SF","Pink-Flower","How embarrassing.","How embarrassing."
"THAZ009SF","Pink-Flower","Sigh, when will my mother--","Sigh, when will my mother--"
"THAZ010HF","Yellow-Actor","Guys, don't bother. No magic cloud.","Guys, don't bother. No magic cloud."
"THAZ011FF","Orange-Flower","This play is a mess. I think Becky's lost it.","This play is a mess. I think Becky's lost it."
"THAZ012SF","Pink-Flower","You know, it's the fans who really suffer when this happens.","You know, it's the fans who really suffer when this happens."
"THAZ013FF","Orange-Flower","Hey, you got a Magic Cloud ready up there?","Hey, you got a Magic Cloud ready up there?"
"THAZ014HF","Yellow-Actor","Uh... don't see one.","Uh... don't see one."
"THAZ015FF","Orange-Flower","Oh man. Well keep dancing, keep dancing!","Oh man. Well keep dancing, keep dancing!"
"THBA000ST","Small-Thistle","Oh, sigh.","Oh, sigh."
"THBA001FT","Big-Thistle","Whatever is wrong, little girl?","Whatever is wrong, little girl?"
"THBA002ST","Small-Thistle","Well, my family has left me alone in a bad, bad place for many years, and I don't know if they will ever come back for me.","Well, my family has left me alone in a bad, bad place for many years, and I don't know if they will ever come back for me."
"THBA003FT","Big-Thistle","Ah, don't worry. I'm sure they'll come for you and you'll never have to think of that bad place again, ever.","Ah, don't worry. I'm sure they'll come for you and you'll never have to think of that bad place again, ever."
"THBA004ST","Small-Thistle","Hey, you're right! I think I see them now!","Hey, you're right! I think I see them now!"
"THBA007HT","Hound-Actor","Hello, my dear beloved daughter. We have come back for you. Please come with us and be happy and never think of this terrible, terrible place again!","Hello, my dear beloved daughter. We have come back for you. Please come with us and be happy and never think of this terrible, terrible place again!"
"THBA008HT","Hound-Actor","THE END.","THE END."
"THBC000FT","Big-Thistle","Hey, cue the magical balloon, moron!","Hey, cue the magical balloon, moron!"
"THBC001HT","Hound-Actor","Hey, there's no magical balloon on this set, but that won't stop me from jumping down there and kicking your ass so watch it!","Hey, there's no magical balloon on this set, but that won't stop me from jumping down there and kicking your ass so watch it!"
"THBC002FT","Big-Thistle","Grrr.","Grrr."
"THBC004FT","Big-Thistle","Hold on, girly...","Hold on, girly..."
"THBC005FT","Big-Thistle","Hey, you got the magical cloud ready up there, loser?","Hey, you got the magical cloud ready up there, loser?"
"THBC006HT","Hound-Actor","There's no magic cloud on this set, you old bag.","There's no magic cloud on this set, you old bag."
"THBC007FT","Big-Thistle","Oooh!","Oooh!"
"THBG000FF","Orange-Flower","Ha ha!","Ha ha!"
"THBG003SF","Pink-Flower","I never get tired of doing the maypole!","I never get tired of doing the maypole!"
"THBG004SF","Pink-Flower","The maypole sure does make me happy.","The maypole sure does make me happy."
"THBG005HF","Yellow-Actor","Hey, who's happy?","Hey, who's happy?"
"THBG006SF","Pink-Flower","ME!","ME!"
"THBG007FF","Orange-Flower","MEEE!","MEEE!"
"THBG008SF","Pink-Flower","We're so lucky!","We're so lucky!"
"THBG009HF","Yellow-Actor","I love May!","I love May!"
"THBG010FF","Orange-Flower","I love poles!","I love poles!"
"THBG011FF","Orange-Flower","Man, I am going to puke if I have to go around this stupid thing one more time.","Man, I am going to puke if I have to go around this stupid thing one more time."
"THBG012SF","Pink-Flower","I hear that! And it's wrapped already! Why are we still walking?","I hear that! And it's wrapped already! Why are we still walking?"
"THBG013HF","Yellow-Actor","Shhh! Happy!","Shhh! Happy!"
"THBG014FF","Orange-Flower","Yeah, yeah.","Yeah, yeah."
"THBG015SF","Pink-Flower","Sigh. So lovely.","Sigh. So lovely."
"THBG016FF","Orange-Flower","Yes.","Yes."
"THBG017SF","Pink-Flower","I'm so lucky.","I'm so lucky."
"THBG018SF","Pink-Flower","My house is sooo beautiful mother.","My house is sooo beautiful mother."
"THBG019SF","Pink-Flower","Isn't it?","Isn't it?"
"THBG020SF","Pink-Flower","And you're not jealous, right?","And you're not jealous, right?"
"THBG021SF","Pink-Flower","Because I am so famous?","Because I am so famous?"
"THBG022SF","Pink-Flower","And you're not so much?","And you're not so much?"
"THBG023SF","Pink-Flower","I mean, you used to be.","I mean, you used to be."
"THBG024SF","Pink-Flower","Until I came along of course.","Until I came along of course."
"THBG025SF","Pink-Flower","You're the best mother ever. ","You're the best mother ever. "
"THBG026FF","Orange-Flower","Drastic, I tell you!","Drastic, I tell you!"
"THBG027FF","Orange-Flower","It's going to be horrible.","It's going to be horrible."
"THBG028FF","Orange-Flower","This thing I'm going to do.","This thing I'm going to do."
"THBG029FF","Orange-Flower","To myself. And you.","To myself. And you."
"THBG030FF","Orange-Flower","I'm not kidding!","I'm not kidding!"
"THBG031FF","Orange-Flower","You think I am kidding, but I am not.","You think I am kidding, but I am not."
"THBG032FF","Orange-Flower","Soon you will be the sorry one!","Soon you will be the sorry one!"
"THBG033FF","Orange-Flower","Sorry you ran off to Paris.","Sorry you ran off to Paris."
"THBG034FF","Orange-Flower","This will hurt you more than it will hurt me. ","This will hurt you more than it will hurt me. "
"THBG035FF","Orange-Flower","And it's going to hurt me a lot.","And it's going to hurt me a lot."
"THBG036FF","Orange-Flower","Unless I land on my head of course. Then I might not feel anything.","Unless I land on my head of course. Then I might not feel anything."
"THBG037FF","Orange-Flower","Okay, you're running out of time to come back, selfish daughter.","Okay, you're running out of time to come back, selfish daughter."
"THBG038FF","Orange-Flower","You don't have forever!","You don't have forever!"
"THBG039FF","Orange-Flower","I'll do it this terrible thing!","I'll do it this terrible thing!"
"THBG040FF","Orange-Flower","I promise!","I promise!"
"THBG041FF","Orange-Flower","Like, any second now.","Like, any second now."
"THBH003FT","Big-Thistle","Ho ho!","Ho ho!"
"THBH006ST","Small-Thistle","Boo hoo!","Boo hoo!"
"THBH007ST","Small-Thistle","I want to go home!","I want to go home!"
"THBH008ST","Small-Thistle","I hate it here.","I hate it here."
"THBH009FT","Big-Thistle","Well, here hates you too!","Well, here hates you too!"
"THBH010ST","Small-Thistle","Hagatha home is horrible!","Hagatha home is horrible!"
"THBH011ST","Small-Thistle","Woe is me!","Woe is me!"
"THBH012ST","Small-Thistle","I miss my mother!","I miss my mother!"
"THBH013ST","Small-Thistle","Oh... lament.","Oh... lament."
"THBH014ST","Small-Thistle","Woe enrobes my soul.","Woe enrobes my soul."
"THBH015ST","Small-Thistle","My spirit is ensconced in sorrow.","My spirit is ensconced in sorrow."
"THBH016ST","Small-Thistle","I think I see a sail! Oh, wait... that's a shark fin.","I think I see a sail! Oh, wait... that's a shark fin."
"THBH017ST","Small-Thistle","Sigh.","Sigh."
"THBH018ST","Small-Thistle","Why won't she write me? My mother I mean?","Why won't she write me? My mother I mean?"
"THBH019ST","Small-Thistle","Her shady and disreputable agent said he'd deliver the letters personally.","Her shady and disreputable agent said he'd deliver the letters personally."
"THBH020ST","Small-Thistle","I'm sure he wants her to get letters from her own child. Even though having that child out of wedlock caused a scandal that almost ruined her career and robbed him of his meal ticket!","I'm sure he wants her to get letters from her own child. Even though having that child out of wedlock caused a scandal that almost ruined her career and robbed him of his meal ticket!"
"THBH021ST","Small-Thistle","Siiiiiigh.","Siiiiiigh."
"THBH022ST","Small-Thistle","Man, that mail train trick was mean.","Man, that mail train trick was mean."
"THBH023ST","Small-Thistle","Oh, COME ON boat!","Oh, COME ON boat!"
"THBH024FT","Big-Thistle","Oh, my baby's gone.","Oh, my baby's gone."
"THBH025HT","Hound-Actor","Ha ha! I mean, yes. We will miss her.","Ha ha! I mean, yes. We will miss her."
"THBH026FT","Big-Thistle","My baby.","My baby."
"THBH027HT","Hound-Actor","Yes.  Bwah ha ha!","Yes.  Bwah ha ha!"
"THBH028FT","Big-Thistle","Oh, poor baby Gloria!","Oh, poor baby Gloria!"
"THBH029HT","Hound-Actor","Yes.  (snicker.)","Yes.  (snicker.)"
"THBH030FT","Big-Thistle","Whenever will I see her again?","Whenever will I see her again?"
"THBH031HT","Hound-Actor","NEVER! HA HA!  I mean, soon.","NEVER! HA HA!  I mean, soon."
"THBH032FT","Big-Thistle","Oh my poor, poor daughter.","Oh my poor, poor daughter."
"THBH033HT","Hound-Actor","(Snicker, snicker!)","(Snicker, snicker!)"
"THBK000HT","Hound-Actor","Yon Dragon is a mystical force of the theater. Only the theater itself can affect it!","Yon Dragon is a mystical force of the theater. Only the theater itself can affect it!"
"THBK001FT","Big-Thistle","Duh.","Duh."
"THBL000RA","Raz","Hey, there's the hot air balloon I need to get to the catwalks. ","Hey, there's the hot air balloon I need to get to the catwalks. "
"THBL001RA","Raz","Now if I could just get them to do a play that brings it down here, I could ride it up to the catwalks and take care of that Phantom!","Now if I could just get them to do a play that brings it down here, I could ride it up to the catwalks and take care of that Phantom!"
"THBN000PT","Phantom","Heh heh heh...","Heh heh heh..."
"THBN002PT","Phantom","You are not welcome here!","You are not welcome here!"
"THBN003PT","Phantom","This is my sanctuary!","This is my sanctuary!"
"THBN004PT","Phantom","Come no closer, or it will be the last thing you do!","Come no closer, or it will be the last thing you do!"
"THBN005PT","Phantom","I am... the Phantom!","I am... the Phantom!"
"THBN006PT","Phantom","Bwah ha ha ha!","Bwah ha ha ha!"
"THBN007PT","Phantom","Ha ha ha!","Ha ha ha!"
"THBN008PT","Phantom","I see you down there!","I see you down there!"
"THBN009PT","Phantom","Look out below!","Look out below!"
"THBN010PT","Phantom","Watch your step!","Watch your step!"
"THBN011PT","Phantom","Break a leg!","Break a leg!"
"THBN012PT","Phantom","Ha, just like Gloria's mother!","Ha, just like Gloria's mother!"
"THBN013PT","Phantom","In theater, it's a long way to the bottom.","In theater, it's a long way to the bottom."
"THBN014PT","Phantom","I warned you!","I warned you!"
"THBO000PT","Phantom","How dare you violate the sanctuary of...","How dare you violate the sanctuary of..."
"THBO001PT","Phantom","THE PHANTOM!","THE PHANTOM!"
"THBO002PT","Phantom","Stop, or your next step will be your last!","Stop, or your next step will be your last!"
"THBO004PT","Phantom","Did you think the Phantom was lying?","Did you think the Phantom was lying?"
"THBO005PT","Phantom","The Phantom is not messing around!","The Phantom is not messing around!"
"THBP000PT","Phantom","Ahhhhhh! Cruel sunlight!","Ahhhhhh! Cruel sunlight!"
"THBP001PT","Phantom","Anything but that!","Anything but that!"
"THBP002PT","Phantom","Treacherous child, you shall pay for angering... The Phan--","Treacherous child, you shall pay for angering... The Phan--"
"THBP003RA","Raz","Yeah, yeah. Whatever. Now just stay put so I can come punch and unmask you.","Yeah, yeah. Whatever. Now just stay put so I can come punch and unmask you."
"THBQ000RA","Raz","Hey!","Hey!"
"THBQ001RA","Raz","Guess she really doesn't want to see anyone right now.","Guess she really doesn't want to see anyone right now."
"THBR000JA","Jasper","HA HA HA!","HA HA HA!"
"THBR001JA","Jasper","HO HO HO!","HO HO HO!"
"THBR002JA","Jasper","HEH HEH HEH!","HEH HEH HEH!"
"THBR003JA","Jasper","Your fighting is weak, uninspired, and flat as a pancake.","Your fighting is weak, uninspired, and flat as a pancake."
"THBR004JA","Jasper","Your moves are derivative and mechanical.","Your moves are derivative and mechanical."
"THBR005JA","Jasper","Oh, your technique is bland, yet irritating.","Oh, your technique is bland, yet irritating."
"THBR006JA","Jasper","Ho ho, sad!","Ho ho, sad!"
"THBR007JA","Jasper","Tedious!","Tedious!"
"THBR008JA","Jasper","Not good enough!","Not good enough!"
"THBR009JA","Jasper","A terrible fighter, not up to the task at hand!","A terrible fighter, not up to the task at hand!"
"THBR010JA","Jasper","Just plain bad!","Just plain bad!"
"THBR011JA","Jasper","The crowd would have been disgusted, had they managed to stay awake!","The crowd would have been disgusted, had they managed to stay awake!"
"THBR012JA","Jasper","Ahhhh! That light!","Ahhhh! That light!"
"THBR013JA","Jasper","Gahhh!","Gahhh!"
"THBR014JA","Jasper","Horrible, hot beam of ocular agony!","Horrible, hot beam of ocular agony!"
"THBR015JA","Jasper","It's like my retinas are being fried in a pan!","It's like my retinas are being fried in a pan!"
"THBR016JA","Jasper","Why didn't I bring my sunglasses?","Why didn't I bring my sunglasses?"
"THBR017JA","Jasper","Ha! Not so fast!","Ha! Not so fast!"
"THBR018JA","Jasper","You'll pay for that one, brat!","You'll pay for that one, brat!"
"THBR019JA","Jasper","Ow!","Ow!"
"THBR020JA","Jasper","You'll pay for that one, SPOTLIGHT!","You'll pay for that one, SPOTLIGHT!"
"THBR021JA","Jasper","Take that, wretched regurgitator of the sun!","Take that, wretched regurgitator of the sun!"
"THBR023JA","Jasper","Oh, another spotlight! I thought I got 'em all!","Oh, another spotlight! I thought I got 'em all!"
"THBR024JA","Jasper","I'll give you what I gave your brother over there. Huh? How do you like that!?","I'll give you what I gave your brother over there. Huh? How do you like that!?"
"THBR025JA","Jasper","Ahhhh! Oohhhh! (cough)","Ahhhh! Oohhhh! (cough)"
"THBR026JA","Jasper","What's the matter? Can't you take a little criticism?","What's the matter? Can't you take a little criticism?"
"THBR027JA","Jasper","Ooohhh ooohohohohhhh...","Ooohhh ooohohohohhhh..."
"THBS000BE","Becky","Hey, no time for shenanigans!","Hey, no time for shenanigans!"
"THBS001BE","Becky","Thanks, thanks. You're right. I should get a grip.","Thanks, thanks. You're right. I should get a grip."
"THBS002BE","Becky","Yes, thanks.","Yes, thanks."
"THBS003BE","Becky","Alright already! I'm calm! One more hit and you're a dead man!","Alright already! I'm calm! One more hit and you're a dead man!"
"THBS004BE","Becky","Hey, I only let my Chiropractor do this. Do you have a license? ","Hey, I only let my Chiropractor do this. Do you have a license? "
"THBS005BE","Becky","Put me down!","Put me down!"
"THBS006BE","Becky","Wait, why am I stressed out? I forget.","Wait, why am I stressed out? I forget."
"THBS007BE","Becky","Huh.","Huh."
"THBS008BE","Becky","Oh, must have been nothing.","Oh, must have been nothing."
"THBS009BE","Becky","Guess I can just relax and--","Guess I can just relax and--"
"THBS010BE","Becky","Oh my god. How long was I out? What did I miss? ","Oh my god. How long was I out? What did I miss? "
"THBS011BE","Becky","Oh, what a disaster!","Oh, what a disaster!"
"THBS012BE","Becky","Hot flash! Hot flash! Must be another panic attack!","Hot flash! Hot flash! Must be another panic attack!"
"THBS013BE","Becky","Keep cool Becky, keep cool. ","Keep cool Becky, keep cool. "
"THBS014BE","Becky","Ahhhh...","Ahhhh..."
"THBS015BE","Becky","Hey, why don't you go make yourself useful and put that candle in one of the spotlights up there!","Hey, why don't you go make yourself useful and put that candle in one of the spotlights up there!"
"THBT000BT","Bonita","Hey, watch it or I'll call security!","Hey, watch it or I'll call security!"
"THBT001BT","Bonita","My spirits are so low, they cannot be lifted. How sad is that?","My spirits are so low, they cannot be lifted. How sad is that?"
"THBT002BT","Bonita","Huh? Where am I? What is that terrible crying noise?","Huh? Where am I? What is that terrible crying noise?"
"THBT003BT","Bonita","Thanks kid, but the problem isn't that my fire has gone out.","Thanks kid, but the problem isn't that my fire has gone out."
"THBT004BT","Bonita","The problem is I AM Gloria's fire, and I REFUSE to go out. On stage, that is.","The problem is I AM Gloria's fire, and I REFUSE to go out. On stage, that is."
"THBT005BT","Bonita","Ah ha! You found a candle! Excellent!","Ah ha! You found a candle! Excellent!"
"THBT006BT","Bonita","Now go put that in one of the spotlights above the stage, and we might have a show on our hands.","Now go put that in one of the spotlights above the stage, and we might have a show on our hands."
"THBT007RA","Raz","Becky, can you hear me?","Becky, can you hear me?"
"THBT008BT","Bonita","Ahhhh! That's so loud.","Ahhhh! That's so loud."
"THBT009RA","Raz","Must be out of range.","Must be out of range."
"THBT010BT","Bonita","What? I can't hear anything now.","What? I can't hear anything now."
"THBU000JA","Jasper","Ha! Hahaha! Reinforced balcony! A must for any critic!","Ha! Hahaha! Reinforced balcony! A must for any critic!"
"THBU001RA","Raz","Any fat critic.","Any fat critic."
"THBU002JA","Jasper","Gosh! This play is fantastic!","Gosh! This play is fantastic!"
"THBU003JA","Jasper","The sets, the acting, the songs, all top notch!","The sets, the acting, the songs, all top notch!"
"THBU004JA","Jasper","All other theaters should be burned, all other actors shot, all other playwrights should have their fingers chopped off, for there is no need for any other theater, other than this fine play.","All other theaters should be burned, all other actors shot, all other playwrights should have their fingers chopped off, for there is no need for any other theater, other than this fine play."
"THBU005JA","Jasper","Oh god. What am I saying? ","Oh god. What am I saying? "
"THBU006JA","Jasper","I hope no one heard that.","I hope no one heard that."
"THBU007JA","Jasper","EEK! A candle! Get it away from me!","EEK! A candle! Get it away from me!"
"THBU008JA","Jasper","Oh, sorry. I thought that it was lit.","Oh, sorry. I thought that it was lit."
"THBV000RA","Raz","Okay, stay right there. I'm going to come over and unmask you now.","Okay, stay right there. I'm going to come over and unmask you now."
"THBV001PT","Phantom","I'm a little tea pot, short and stout.","I'm a little tea pot, short and stout."
"THBV002PT","Phantom","Here is my handle. Here is my spout.","Here is my handle. Here is my spout."
"THBV003PT","Phantom","Just kidding! I AM THE PHANTOM!","Just kidding! I AM THE PHANTOM!"
"THBV004PT","Phantom","Hey, where you going with that. You don't need that.","Hey, where you going with that. You don't need that."
"THBV005PT","Phantom","Why don't you just throw that down, before you burn yourself.","Why don't you just throw that down, before you burn yourself."
"THBW000JA","Jasper","I'll give you all good write-ups in the review if you KILL THAT KID WITH THE GOGGLES!","I'll give you all good write-ups in the review if you KILL THAT KID WITH THE GOGGLES!"
"THBW001JA","Jasper","Kill him! Get him!","Kill him! Get him!"
"THBW002JA","Jasper","Kill him before he gets over here.","Kill him before he gets over here."
"THBX000RA","Raz","Sing, birdie!","Sing, birdie!"
"THBX001FF","Orange-Flower","La la la!","La la la!"
"THBX002FF","Orange-Flower","Ow! Ha ha ha! Tweet!","Ow! Ha ha ha! Tweet!"
"THBX003FF","Orange-Flower","Hey! Tweet! Let go!","Hey! Tweet! Let go!"
"THBX004FF","Orange-Flower","Tweet tweet!","Tweet tweet!"
"THBX005FF","Orange-Flower","Oh, god. What is a simple fish like me doing so high out of water?","Oh, god. What is a simple fish like me doing so high out of water?"
"THBX006FF","Orange-Flower","Soon I will be dead from lack of water!","Soon I will be dead from lack of water!"
"THBX007FF","Orange-Flower","But I am still happy. Tweet!","But I am still happy. Tweet!"
"THBY000FT","Big-Thistle","Get bent.","Get bent."
"THBY001FT","Big-Thistle","Ow! Hey, I'm going to peck your eyes out!","Ow! Hey, I'm going to peck your eyes out!"
"THBY002FT","Big-Thistle","Knock it off! You'll tangle my strings!","Knock it off! You'll tangle my strings!"
"THBY003FT","Big-Thistle","O I been on the sea for many a year...","O I been on the sea for many a year..."
"THBY004FT","Big-Thistle","And I've ate me some whale, and I drank me some beer.","And I've ate me some whale, and I drank me some beer."
"THBY005FT","Big-Thistle","I punched me a shark, and I tapped me a keg.","I punched me a shark, and I tapped me a keg."
"THBY006FT","Big-Thistle","And I carved up me name on the captain's wood leg.","And I carved up me name on the captain's wood leg."
"THBY007FT","Big-Thistle","Ahhh! God I hope I die soon! This really, really hurts! Ow! Oh, man! It's so hot! Ow!","Ahhh! God I hope I die soon! This really, really hurts! Ow! Oh, man! It's so hot! Ow!"
"THBY008RA","Raz","Nah, I couldn't hold a candle to that. Heh heh heh.","Nah, I couldn't hold a candle to that. Heh heh heh."
"THBZ000RA","Raz","Good boy!","Good boy!"
"THBZ001HF","Yellow-Actor","Ruff! Ruff!","Ruff! Ruff!"
"THBZ002HF","Yellow-Actor","Ow! Too ruff!","Ow! Too ruff!"
"THBZ003HF","Yellow-Actor","Ruff! Yay! We're going for a ride! Ruff!","Ruff! Yay! We're going for a ride! Ruff!"
"THBZ004HF","Yellow-Actor","Man, I hate that tail! Arrrrr!","Man, I hate that tail! Arrrrr!"
"THBZ005HF","Yellow-Actor","Ow! Ow! Ow! On fire! Ruff! Ow! Ow! Hot!","Ow! Ow! Ow! On fire! Ruff! Ow! Ow! Hot!"
"THCA000HT","Hound-Actor","You're dead, buddy!","You're dead, buddy!"
"THCA001HT","Hound-Actor","Ow! ","Ow! "
"THCA002HT","Hound-Actor","Son of a--","Son of a--"
"THCA003HT","Hound-Actor","Grrrr! Grrr!","Grrrr! Grrr!"
"THCA004HT","Hound-Actor","Ahh! I hate thistles and dogs! Kill all thistles and dogs!","Ahh! I hate thistles and dogs! Kill all thistles and dogs!"
"THCA005HT","Hound-Actor","What the-?!  Holy! Crap! It's--ooh!--I get!--Ow!  Woo! Woo! Ow!  I hate this hot.","What the-?!  Holy! Crap! It's--ooh!--I get!--Ow!  Woo! Woo! Ow!  I hate this hot."
"THCB000RA","Raz","That Dragon looks pretty fierce. I wonder who can slay such a beast?","That Dragon looks pretty fierce. I wonder who can slay such a beast?"
"THCB001RA","Raz","Die! I slay thee with my mighty blast of PSI!","Die! I slay thee with my mighty blast of PSI!"
"THCC000RA","Raz","Hey, what part are you playing!","Hey, what part are you playing!"
"THCC001SF","Pink-Flower","I am playing the part of Gloria Von Gouton, once famous star of stage and screen.","I am playing the part of Gloria Von Gouton, once famous star of stage and screen."
"THCC002SF","Pink-Flower","Ow! Ha ha! Watch it! Ha ha!","Ow! Ha ha! Watch it! Ha ha!"
"THCC003SF","Pink-Flower","Weee! Yay! Ha ha ha!","Weee! Yay! Ha ha ha!"
"THCC004SF","Pink-Flower","Oh no, I forgot my lines!","Oh no, I forgot my lines!"
"THCC005SF","Pink-Flower","Becky's going to kill me!","Becky's going to kill me!"
"THCC006SF","Pink-Flower","Concentrate. Focus.","Concentrate. Focus."
"THCC007SF","Pink-Flower","I am a happy flower. I am a happy flower.","I am a happy flower. I am a happy flower."
"THCC008SF","Pink-Flower","Ahhh. Much better.","Ahhh. Much better."
"THCC009SF","Pink-Flower","Hot! Ow! Ha ha ha! I don't remember this part in the play! Ow! Ha ha!!","Hot! Ow! Ha ha ha! I don't remember this part in the play! Ow! Ha ha!!"
"THCD000ST","Small-Thistle","I am playing the part of young Gloria Von Gouton, sent away from home by her mother, and her shady manager. Can't you tell, jerk?","I am playing the part of young Gloria Von Gouton, sent away from home by her mother, and her shady manager. Can't you tell, jerk?"
"THCD002ST","Small-Thistle","You'll never work in this town again, jerk!","You'll never work in this town again, jerk!"
"THCD003ST","Small-Thistle","Ahhhh!","Ahhhh!"
"THCD004ST","Small-Thistle","Ahhhh! I've always hated you guys!","Ahhhh! I've always hated you guys!"
"THCD005ST","Small-Thistle","Ahhhh! This sucks! It's so hot! Man oh man! Ow! Ow! Ow! It's so hot!","Ahhhh! This sucks! It's so hot! Man oh man! Ow! Ow! Ow! It's so hot!"
"THCE000FF","Orange-Flower","I am playing the part of Gloria's washed up and embittered mother!","I am playing the part of Gloria's washed up and embittered mother!"
"THCE004FF","Orange-Flower","I hope no one else notices!","I hope no one else notices!"
"THCE005FF","Orange-Flower","Okay, just fake it. ","Okay, just fake it. "
"THCE006FF","Orange-Flower","Say something happy!","Say something happy!"
"THCE007FF","Orange-Flower","Oh, I am so happy and I've not forgotten my lines! La di da!","Oh, I am so happy and I've not forgotten my lines! La di da!"
"THCE008FF","Orange-Flower","Ahhh. Phew. Okay, I don't think anyone noticed. Thank you, improv class!","Ahhh. Phew. Okay, I don't think anyone noticed. Thank you, improv class!"
"THCE009FF","Orange-Flower","Hot! Ow! Ha ha ha! This costume isn't fire retardant! Ow! Ha ha!!","Hot! Ow! Ha ha ha! This costume isn't fire retardant! Ow! Ha ha!!"
"THCF000FT","Big-Thistle","Duh, I'm one of Gloria's mean schoolmates, at Hagatha home. Or else I'm her mother. Wait what set am I on? Ah who cares?","Duh, I'm one of Gloria's mean schoolmates, at Hagatha home. Or else I'm her mother. Wait what set am I on? Ah who cares?"
"THCF002FT","Big-Thistle","I will drop you like a sack of dirt, you try that again!","I will drop you like a sack of dirt, you try that again!"
"THCF004FT","Big-Thistle","Ahhhh! You guys have always been against me!","Ahhhh! You guys have always been against me!"
"THCF005FT","Big-Thistle","Ahhhh!  It's so hot! Wow I am hating this! Wow! Ow!","Ahhhh!  It's so hot! Wow I am hating this! Wow! Ow!"
"THCG000HF","Yellow-Actor","Well, I have a lot of walk on bits. Oh, and sometimes I do the mail boat guy. It's a small part, but my agent says this is going to be my year!","Well, I have a lot of walk on bits. Oh, and sometimes I do the mail boat guy. It's a small part, but my agent says this is going to be my year!"
"THCG001HF","Yellow-Actor","Ow! Ha ha! Hey, careful there! Somebody could get hurt! Ha ha!","Ow! Ha ha! Hey, careful there! Somebody could get hurt! Ha ha!"
"THCG004HF","Yellow-Actor","This is why I don't get better parts!","This is why I don't get better parts!"
"THCG005HF","Yellow-Actor","Man, what a terrible thing to say.","Man, what a terrible thing to say."
"THCG006HF","Yellow-Actor","I have to be more positive!","I have to be more positive!"
"THCG007HF","Yellow-Actor","Oh that's right! I'm a happy flower!","Oh that's right! I'm a happy flower!"
"THCG008HF","Yellow-Actor","Hot! Ow! Ha ha ha! I hope I don't die because then the theater would really be inconvenienced. Ow! Ha ha!!","Hot! Ow! Ha ha ha! I hope I don't die because then the theater would really be inconvenienced. Ow! Ha ha!!"
"THCH000HT","Hound-Actor","None of your business. Sometimes I'm Mean Schoolgirl Number 1. Sometimes I'm the Shady manager. Right now I'm just really irritated. With you.","None of your business. Sometimes I'm Mean Schoolgirl Number 1. Sometimes I'm the Shady manager. Right now I'm just really irritated. With you."
"THCH002HT","Hound-Actor","Get off the stage!","Get off the stage!"
"THCH004HT","Hound-Actor","Ahhhh! I want better parts! You guys are all in my way!","Ahhhh! I want better parts! You guys are all in my way!"
"THCH005HT","Hound-Actor","Ahhhh! Hot hot hot! Burning sensations! Pain! Aye aye aye! Wow! Ow!","Ahhhh! Hot hot hot! Burning sensations! Pain! Aye aye aye! Wow! Ow!"
"THCO000SF","Pink-Flower","Oww!","Oww!"
"THCI000RA","Raz","I think Becky's not telling me the whole story. ","I think Becky's not telling me the whole story. "
"THCI001RA","Raz","I should go give her a piece of my mind.","I should go give her a piece of my mind."
"THCJ000RA","Raz","Maybe I should come back later when he's not sleeping. He looks too mean to wake up.","Maybe I should come back later when he's not sleeping. He looks too mean to wake up."
"THCK000BT","Bonita","Hey! Careful!","Hey! Careful!"
"THCK001BT","Bonita","That was a gift from the prince of Romania!","That was a gift from the prince of Romania!"
"THCK002BT","Bonita","The fans gave me that!","The fans gave me that!"
"THCK003BT","Bonita","The President gave me that to keep me quiet about our affair!","The President gave me that to keep me quiet about our affair!"
"THCK004BT","Bonita","Please, you're making a mess!","Please, you're making a mess!"
"THCK005BT","Bonita","I could have sold that online for a lot of money!","I could have sold that online for a lot of money!"
"THCK006BT","Bonita","Oh go ahead. I don't want any mementos of my failed career anyway!","Oh go ahead. I don't want any mementos of my failed career anyway!"
"THCL000RA","Raz","Jasper really did a number on this spotlight. I'm going to have to use another one.","Jasper really did a number on this spotlight. I'm going to have to use another one."
"THCL001RA","Raz","Looks like it needs a candle to work.","Looks like it needs a candle to work."
"THCL002RA","Raz","Now... how can I light that candle?","Now... how can I light that candle?"
"THCM000RA","Raz","Gloria must be in a good mood now.","Gloria must be in a good mood now."
"THCM001RA","Raz","Ooh, I'll bet Gloria is in a bad mood now","Ooh, I'll bet Gloria is in a bad mood now"
"THCN000BE","Becky","Hey there kid. What are you doing back here?","Hey there kid. What are you doing back here?"
"THCN001RA","Raz","Well, you know. It's always good to come back to the stage once in a while to make sure you still know how to act.","Well, you know. It's always good to come back to the stage once in a while to make sure you still know how to act."
"THCN002RA","Raz","So why isn't the big Bonita number playing?","So why isn't the big Bonita number playing?"
"THCN003BE","Becky","Oh, Bonita's gone.","Oh, Bonita's gone."
"THCN004RA","Raz","What? Oh no...","What? Oh no..."
"THCN005BE","Becky","Oh, no no no, it's good. We had an amazing sixty week run, three sold-out performances a day, and now she's just on a quick vacation before taking the show on the road.","Oh, no no no, it's good. We had an amazing sixty week run, three sold-out performances a day, and now she's just on a quick vacation before taking the show on the road."
"THCN006BE","Becky","So the company and I are just practicing some of the old material to get ready for the tour.","So the company and I are just practicing some of the old material to get ready for the tour."
"THCN007BE","Becky","Let me know if you want to run some lines or something!","Let me know if you want to run some lines or something!"
"THCN008RA","Raz","Okay!","Okay!"
"THCN009BE","Becky","La di, da da..","La di, da da.."
"THCN010BE","Becky","Mmm mmm mmm...","Mmm mmm mmm..."
"THCN011BE","Becky","Doo-do, doo do doooo...","Doo-do, doo do doooo..."
"THCN012BE","Becky","Mmm mmm doo...","Mmm mmm doo..."
"THCN013BE","Becky","La la, la de dum...","La la, la de dum..."
"THZA000TO","System","Doing a great job, Becky!","Doing a great job, Becky!"
"THZA001TO","System","Where do I find a script?","Where do I find a script?"
"THZA002TO","System","They need you on stage right away for your big number!","They need you on stage right away for your big number!"
"THZA003TO","System","So, are you ready for your big number?","So, are you ready for your big number?"
"THZA004TO","System","Is there any way I can get you to take the stage?","Is there any way I can get you to take the stage?"
"THZA005TO","System","Now you see, that performance is exactly why we need to practice.","Now you see, that performance is exactly why we need to practice."
"THZA006TO","System","The show must go on!","The show must go on!"
"THZA007TO","System","Hey, why do you have to be so hard on Bonita?","Hey, why do you have to be so hard on Bonita?"
"THZA008TO","System","Alright, later, you old gas bag.","Alright, later, you old gas bag."
"THZA009TO","System","Becky, can we see the ""Knight of Joy"" again?","Becky, can we see the ""Knight of Joy"" again?"
"THZA010TO","System","""The Day the Mail Boat Finally Came"" needs another run-through, I think.","""The Day the Mail Boat Finally Came"" needs another run-through, I think."
"THZA011TO","System","Let's do ""Goodbye Hagatha Home"" once more, okay?","Let's do ""Goodbye Hagatha Home"" once more, okay?"
"THZA012TO","System","I haven't seen any plays. How do I see a play?","I haven't seen any plays. How do I see a play?"
"THZA013TO","System","You're not scared of that Phantom are you?","You're not scared of that Phantom are you?"
"THZA014TO","System","So, you're not going out on stage?","So, you're not going out on stage?"
"THZA015TO","System","So, who's that crying?","So, who's that crying?"
"THZA016TO","System","I'll leave you alone now.","I'll leave you alone now."
"THZA017TO","System","Bonita's just trying to lighten things up around here!","Bonita's just trying to lighten things up around here!"
"THZA018TO","System","If you can't say something nice, don't say anything at all.","If you can't say something nice, don't say anything at all."
"THZA019TO","System","If you hate the show so much, why don't you just leave?","If you hate the show so much, why don't you just leave?"
"THZA021TO","System","/AButton/Jump in","/AButton/Jump in"
"THZA022TO","System","/BButton/Come back later","/BButton/Come back later"
"THZF000TO","System","Punch switch to change moods.","Punch switch to change moods."
"THZZ000TO","System","HAGATHA HOME FOR GIRLS","HAGATHA HOME FOR GIRLS"
"THZZ001TO","System","Mother. Suicide.","Mother. Suicide."
"THZZ002TO","System","Foul!","Foul!"
"THZZ003TO","System","Vulgar!","Vulgar!"
"THZZ004TO","System","Awkward!","Awkward!"
"THZZ006TO","System","Strained!","Strained!"
"THZZ007TO","System","Tired!","Tired!"
"THZZ008TO","System","Witless!","Witless!"
"THZZ009TO","System","Shallow!","Shallow!"
"THZZ010TO","System","Stale!","Stale!"
"THZZ011TO","System","Crude!","Crude!"
