identifier,file,character,source,translation
THSD001BE,TH_StringTable.csv,Becky,"No, I am not kidding! We need more flowers for the musical number! And let's pick up the pace on the lighting cues, huh?",
THSD002BE,TH_StringTable.csv,Becky,"Okay, people, let's go.  I want to see happy! Happy, happy, happy!",
THSD003BE,TH_StringTable.csv,Becky,"Hey, you!  You are not selling me happy! Don't make me come over there! I will beat it out of you if I have to!",
THSD004BE,TH_StringTable.csv,Becky,Finally!,
THSD005BE,TH_StringTable.csv,Becky,"Okay, the leading man is here. Somebody tell wardrobe and make-up. He's cute, but he needs a LOT of work.",
THSD006BE,TH_StringTable.csv,Becky,Where were you? We have been improvising forever! Just go to your mark and be ready with your lines!,
THSD007BE,TH_StringTable.csv,Becky,I HOPE you know your lines!,
THSD041BE,TH_StringTable.csv,Becky,You'd better be right. She'd better show this time!,
THSD042BE,TH_StringTable.csv,Becky,"Alright, people, let's go in Five! Four! Three!",
THSD026BE,TH_StringTable.csv,Becky,"Okay we need the sun out here, pronto! Cue the sun! Cue the sun!",
THSD027BE,TH_StringTable.csv,Becky,"Bonita Soleil, on stage right now!",
THSD028BE,TH_StringTable.csv,Becky,"Soleil's a no-show AGAIN. Okay, you know what that means! Time to swap plays! Strike the stage! ""Sunshine Shenanigans"" is a wrap. Let's set it up for ""The Horror of Hagatha Home"" on the double! Let's go go go!",
THSD029HF,TH_StringTable.csv,Yellow-Actor,Ahhhhh!,
THSD030HF,TH_StringTable.csv,Yellow-Actor,"Hey, there hi there ho there, little buddy! Wwwwwwwwhat makes you want to go in a dark ol' place like that?",
THSD031SF,TH_StringTable.csv,Pink-Flower,"There's nothing in there but a bunch of frowny-downy, mopey-dopey, sad-face memories!",
THSD032FF,TH_StringTable.csv,Orange-Flower,"Yeah, ain't no happy place no how! You don't wanna go in there.",
THSD033HF,TH_StringTable.csv,Yellow-Actor,"What's that? You don't want to go in there? Why, that's just swell!",
THSD034HF,TH_StringTable.csv,Yellow-Actor,Yay!,
THSD035HF,TH_StringTable.csv,Yellow-Actor,"Hey, buddy! Don't go there! Ha ha!",
THSD036HF,TH_StringTable.csv,Yellow-Actor,Ha ha!,
THSD038HF,TH_StringTable.csv,Yellow-Actor,"No, seriously. DON'T. GO. THERE.",
THSD039HF,TH_StringTable.csv,Yellow-Actor,Ha ha ha!,
THSD040HF,TH_StringTable.csv,Yellow-Actor,HA HA!,
THSN001HT,TH_StringTable.csv,Hound-Actor,Bad! Bad girls! All I see are bad girls! Especially you!,
THSN002ST,TH_StringTable.csv,Small-Thistle,Me? But what did I do?,
THSN003FT,TH_StringTable.csv,Big-Thistle,You forgot yer lines stupid!,
THSN004HT,TH_StringTable.csv,Hound-Actor,Your parents paid a lot of money to send you here to Hagatha Home School for Girls!,
THSN005ST,TH_StringTable.csv,Small-Thistle,I don't want to study theater! I don't want to study dance! I want to go home!,
THSN006FT,TH_StringTable.csv,Big-Thistle,"What fur? You parents don't want ya, or they wouldn'ta sent ya here, now would they! Ha ha!",
THSN007ST,TH_StringTable.csv,Small-Thistle,"Well, then. Neither do yours!",
THSN008FT,TH_StringTable.csv,Big-Thistle,She's right!,
THSN009HT,TH_StringTable.csv,Hound-Actor,"Ohhhh-oh! Oh, oh, oh. Ohhhh-ohhhhh ohhhhh! OH!",
THSN010ST,TH_StringTable.csv,Small-Thistle,"Hey, you! Do you know your lines!?",
THSN011RA,TH_StringTable.csv,Raz,Uh...,
THSN012ST,TH_StringTable.csv,Small-Thistle,This little girl doesn't know her lines!,
THSN013FT,TH_StringTable.csv,Big-Thistle,Get 'er!,
THSN014HT,TH_StringTable.csv,Hound-Actor,Ahhhhhhhh!,
THSD044BE,TH_StringTable.csv,Becky,Don't bug me with that. Do I look like the prop master?,
THSD045BE,TH_StringTable.csv,Becky,Will that help me find the understudy for puppy #10? Hmmm? No? THEN IT'S OF NO USE TO ME!!!,
THSD046BE,TH_StringTable.csv,Becky,Do I need this? Do I need more stress???,
THSD047BE,TH_StringTable.csv,Becky,"Out of the way, prop!",
THSD048BE,TH_StringTable.csv,Becky,"Yeah, yeah, yeah. Whatever.",
THSD049BE,TH_StringTable.csv,Becky,"Not on my stage, kid!",
THSD050BE,TH_StringTable.csv,Becky,Don't touch anything! This is an extremely controlled environment!,
THSD051BE,TH_StringTable.csv,Becky,Everything is as it should be!,
THSD052BE,TH_StringTable.csv,Becky,A place for every actor and every actor in their place!,
THSD053BE,TH_StringTable.csv,Becky,I can do this. I can do this. I can do this.,
THSD054BE,TH_StringTable.csv,Becky,I am in control. I am in control. I am in control.,
THSD055BE,TH_StringTable.csv,Becky,People are listening to me. People listen to me. People care about what I have to say. People respect me. People are listening to me.,
THSD056BE,TH_StringTable.csv,Becky,Why do you all hate me!?!,
THSD057BE,TH_StringTable.csv,Becky,"Oh, shut up, you stupid, happy, morons.",
THSD058BE,TH_StringTable.csv,Becky,The only thing that would help this play is weed killer!,
THSD059BE,TH_StringTable.csv,Becky,"Okay, forget I said that! I just want happy! Happy, happy, happy!",
THSD060BE,TH_StringTable.csv,Becky,Come on. Use it in your acting.,
THSD061BE,TH_StringTable.csv,Becky,You're professionals!,
THSD062BE,TH_StringTable.csv,Becky,Let's go go go!,
THSD063BE,TH_StringTable.csv,Becky,Make way!,
THSD064BE,TH_StringTable.csv,Becky,Hey! I'll pluck those wings off one by one if you don't do what I say!,
THSD065BE,TH_StringTable.csv,Becky,"Don't mess with me, you mutts. I know a vet who owes me a favor!",
THSD066SF,TH_StringTable.csv,Pink-Flower,Ha ha! Look at what he's got!,
THSD067HF,TH_StringTable.csv,Yellow-Actor,"Hey, that makes me happy!",
THSD068HF,TH_StringTable.csv,Yellow-Actor,"What's up, friend? Want to do the happy dance?",
THSD069HF,TH_StringTable.csv,Yellow-Actor,"Weee-heel, that's not very happy, is it?",
THSD070SF,TH_StringTable.csv,Pink-Flower,I think you need a caboose hug!,
THSN015HT,TH_StringTable.csv,Hound-Actor,"What's that? Are you threatening me, little girl?",
THSN016RA,TH_StringTable.csv,Raz,I'm not a girl!,
THSN017ST,TH_StringTable.csv,Small-Thistle,Get her!,
THSN018FT,TH_StringTable.csv,Big-Thistle,"You messin' with some bad plants now, kid.",
THSN019ST,TH_StringTable.csv,Small-Thistle,Out of the way! Nobody likes you!,
THSN020ST,TH_StringTable.csv,Small-Thistle,Your mom and dad don't like you especially!,
THSN021HT,TH_StringTable.csv,Hound-Actor,Do your chores!,
THSN022FT,TH_StringTable.csv,Big-Thistle,Study your lines!,
THSN023HT,TH_StringTable.csv,Hound-Actor,I wish I were dead.,
THSN024ST,TH_StringTable.csv,Small-Thistle,I wish we were all dead.,
THSN025HT,TH_StringTable.csv,Hound-Actor,Today's even worse than yesterday!,
THSN026ST,TH_StringTable.csv,Small-Thistle,Don't break stuff! See? That's why people don't like you!,
THSD077BE,TH_StringTable.csv,Becky,"Come with me, quick!",
THSD078BE,TH_StringTable.csv,Becky,Hurry! You're on in five!,
THSD079BE,TH_StringTable.csv,Becky,"There's your mark. Hit it, love it, marry it, don't ever abandon it!",
THSD080BE,TH_StringTable.csv,Becky,It doesn't matter how old she gets.,
THSD081RA,TH_StringTable.csv,Raz,Hi. I found this...,
THSD082BE,TH_StringTable.csv,Becky,What?! Another new script? But I was just getting the old one under control!,
THSD083BE,TH_StringTable.csv,Becky,"Okay, everybody, listen up! We got a completely new script here, so drop what you're doing and let's change gears.",
THSD084HF,TH_StringTable.csv,Yellow-Actor,Ahhhhhhhhh!,
THSD086BE,TH_StringTable.csv,Becky,"Can we fix the lights, please?",
THSD087BE,TH_StringTable.csv,Becky,"Sorry, kid. We're not taking play submissions right now. Try again later.",
THSD088BE,TH_StringTable.csv,Becky,Sigh. Writing is dead.,
THSD089BE,TH_StringTable.csv,Becky,Pftt!,
THSD090BE,TH_StringTable.csv,Becky,Seen it!,
THSD091BE,TH_StringTable.csv,Becky,Doesn't any one write anything fresh any more?,
THSD092BE,TH_StringTable.csv,Becky,"Hmmm. Not bad for a first read, everybody!",
THSD093BE,TH_StringTable.csv,Becky,That's it?,
THSD101HF,TH_StringTable.csv,Yellow-Actor,Huzzah! Forsooth! What is thine sweet smell in the aire?,
THSD102SF,TH_StringTable.csv,Pink-Flower,"Rejoice! For Spring has besatten upon ourselves, and the spirit of May is a-lingering!",
THSD103FF,TH_StringTable.csv,Orange-Flower,"Let us spin and be happy, entwined in this pole of love, forever young and twisty.",
THSD104HF,TH_StringTable.csv,Yellow-Actor,Hurray! Maypole! Maypole! Maypole!,
THSD105SF,TH_StringTable.csv,Pink-Flower,"Oh, sigh.",
THSD106FF,TH_StringTable.csv,Orange-Flower,"Whatever is wrong, little girl?",
THSD107SF,TH_StringTable.csv,Pink-Flower,"Well, my family has left me alone in a bad, bad place for many years, and I don't know if they will ever come back for me.",
THSD108FF,TH_StringTable.csv,Orange-Flower,"Ah, don't worry. I'm sure they'll come for you and you'll never have to think of that bad place again, ever.",
THSD109SF,TH_StringTable.csv,Pink-Flower,"Hey, you're right! I think I see them now!",
THSD111HF,TH_StringTable.csv,Yellow-Actor,"Hello, my dear beloved daughter. We have come back for you. Please come with us and be happy and never think of this terrible, terrible place again!",
THSD112HF,TH_StringTable.csv,Yellow-Actor,THE END.,
THSD114HT,TH_StringTable.csv,Hound-Actor,Bwah-ha-ha!,
THSD115HF,TH_StringTable.csv,Yellow-Actor,Yay! Snow! Weee!,
THSD116HT,TH_StringTable.csv,Hound-Actor,"Sigh. Woe is me. Always, snow.",
THSD117SF,TH_StringTable.csv,Pink-Flower,You--you--,
THSD118FF,TH_StringTable.csv,Orange-Flower,You shot him!,
THSD119SF,TH_StringTable.csv,Pink-Flower,He's dead!,
THSD120HF,TH_StringTable.csv,Yellow-Actor,I... was just... trying to... entertain Glllllk!,
THSD121RA,TH_StringTable.csv,Raz,I... I didn't mean to... I...,
THSD123RA,TH_StringTable.csv,Raz,"Hey, can I have a ride up to the balcony please?",
THSD124HF,TH_StringTable.csv,Yellow-Actor,"Gee, why would you want to go there? That's not a happy place!",
THSD125RA,TH_StringTable.csv,Raz,"I... uh... want to spread some, uh, happiness over there.",
THSD126HF,TH_StringTable.csv,Yellow-Actor,"Hey, that's a great idea! Help yourself!",
THSD127RA,TH_StringTable.csv,Raz,What a jerk!,
THSD128RA,TH_StringTable.csv,Raz,"If I could just get up there, I'd show him.",
THSD129RA,TH_StringTable.csv,Raz,"If I only had some Psychic flying or something. Or some stilts, or a helicopter.",
THSD130RA,TH_StringTable.csv,Raz,Ooof!,
THSD131RA,TH_StringTable.csv,Raz,Ghhh!,
THSD132RA,TH_StringTable.csv,Raz,Grrrrrrrr!,
THSD133RA,TH_StringTable.csv,Raz,Ouch!,
THSD134RA,TH_StringTable.csv,Raz,That hurt!,
THSD135RA,TH_StringTable.csv,Raz,Ow!,
THSD136RA,TH_StringTable.csv,Raz,Dang!,
THSD137RA,TH_StringTable.csv,Raz,Cut it out!,
THSD138RA,TH_StringTable.csv,Raz,Stop that!,
THSD139RA,TH_StringTable.csv,Raz,I hate that guy.,
THSD140RA,TH_StringTable.csv,Raz,Down puppies! Nice puppies! Down!,
THSD141RA,TH_StringTable.csv,Raz,"Here birdie, birdie!",
THSD142RA,TH_StringTable.csv,Raz,Sit!,
THSD143RA,TH_StringTable.csv,Raz,Stay!,
THSD144RA,TH_StringTable.csv,Raz,Go away!,
THSD145RA,TH_StringTable.csv,Raz,"Wait, keep back. I have a cold.",
THSD146RA,TH_StringTable.csv,Raz,Ick.,
THSD147RA,TH_StringTable.csv,Raz,Hello!,
THSD148RA,TH_StringTable.csv,Raz,Hi. My name is Raz.,
THSD149RA,TH_StringTable.csv,Raz,It's short for Razputin!,
THSD150RA,TH_StringTable.csv,Raz,"Hey, who's that?",
THSD151RA,TH_StringTable.csv,Raz,If I could only get up there somehow.,
THSD152RA,TH_StringTable.csv,Raz,Hmmm.,
THSD153RA,TH_StringTable.csv,Raz,Hm-mmm.,
THSD155RA,TH_StringTable.csv,Raz,Hmm?,
THSD156RA,TH_StringTable.csv,Raz,Hm.,
THSD157RA,TH_StringTable.csv,Raz,Woo-hoo!,
THSD158RA,TH_StringTable.csv,Raz,Ta-da!,
THSD159RA,TH_StringTable.csv,Raz,Rrrrr!,
THSD160RA,TH_StringTable.csv,Raz,No room to think in here.,
THSD162RA,TH_StringTable.csv,Raz,"I need to get that script back, I think!",
THSD163RA,TH_StringTable.csv,Raz,Heh heh heh!,
THSD165RA,TH_StringTable.csv,Raz,Huh?,
THSD166RA,TH_StringTable.csv,Raz,What the--,
THSD167RA,TH_StringTable.csv,Raz,Weeeee!,
THCW002PT,TH_StringTable.csv,Phantom,Ho-ho!,
THCW003PT,TH_StringTable.csv,Phantom,Heh.,
THCW004PT,TH_StringTable.csv,Phantom,Heh-heh.,
THCW005PT,TH_StringTable.csv,Phantom,Arrrrr!,
THCW006PT,TH_StringTable.csv,Phantom,Oooof!,
THCW007PT,TH_StringTable.csv,Phantom,Ah! You! You did this to me! I'll get you!,
THCW008PT,TH_StringTable.csv,Phantom,AHHGH! What have you done to me?! My beautiful face! I'll get you for this!,
THRA001BE,TH_StringTable.csv,Becky,Hmmmmm.,
THRA002BE,TH_StringTable.csv,Becky,I can do this. I can do this. I can do this. I am in control. I am in control. I am in control. People are listening to me. People listen to me. People care about what I have to say. People respect me. People are listening to me.,
THRA001JA,TH_StringTable.csv,Jasper,(snarf.),
THRA001GL,TH_StringTable.csv,Gloria,Ooooooh.,
THSD008BE,TH_StringTable.csv,Becky,"Alright, this is it. Cue the sun in five! Four! Three!",
THSD009JA,TH_StringTable.csv,Jasper,Ha! I've seen better shines on a shoe!,
THSD010JA,TH_StringTable.csv,Jasper,"Yeah, you heard me! Up here, sunshine! This play stinks! You call that a costume? You look like a tin-foil ornament on top a Christmas tree of mediocrity.",
THSD011JA,TH_StringTable.csv,Jasper,"I, Jasper Rolls, the esteemed and famous critic, say it's time to drag this whole play outside and leave it on the curb for the garbage men.",
THSD012JA,TH_StringTable.csv,Jasper,Why don't you quit while you can still get a job as a night light! Ah-ha-ha!,
THSD013JA,TH_StringTable.csv,Jasper,"Though predictable and melodramatic, Bonita Soleil's exits are always this reviewer's favorite part of her performance.",
THSD014BE,TH_StringTable.csv,Becky,"Okay, let's try this one more time. Cue the sun!",
THSD015JA,TH_StringTable.csv,Jasper,"I've heard that stars are full of hot gas, but this one takes the cake!",
THSD016JA,TH_StringTable.csv,Jasper,...combines a supernova ego with white dwarf talent...,
THSD017JA,TH_StringTable.csv,Jasper,"I hope you didn't forget your lines. The mind is the first thing to go in OLD AGE, you know.",
THSD018JA,TH_StringTable.csv,Jasper,"This play needs another run through the typewriter. No, wait. Make that a shredder!",
THSD019JA,TH_StringTable.csv,Jasper,Boooo! Get off the stage!,
THSD020JA,TH_StringTable.csv,Jasper,Hsssss! Hsssss!,
THSD021JA,TH_StringTable.csv,Jasper,Isn't it time for you to set?,
THSD022JA,TH_StringTable.csv,Jasper,I can see why they say not to stare at the sun too long or you'll go blind.,
THSD023JA,TH_StringTable.csv,Jasper,My kid puts on better plays in the backyard!,
THSD024JA,TH_StringTable.csv,Jasper,Are you going to try to sing? Hold on. Where's my pen? I need to jam it into my ears.,
THSD025JA,TH_StringTable.csv,Jasper,"You've got less talent than this piece of--no, wait than THIS piece of popcorn. That first one was too big!",
THAC000RA,TH_StringTable.csv,Raz,"Excuse me, Miss Soleil? I heard you were feeling bad, so I just wanted to say that...",
THAC001RA,TH_StringTable.csv,Raz,"...whatever you're going through, you're not alone. ",
THAC002RA,TH_StringTable.csv,Raz,I used to be a performer myself and I know how hard it is when--,
THAC003BT,TH_StringTable.csv,Bonita,"Kid, can't you see I'm trying to have a moment here?",
THAC004RA,TH_StringTable.csv,Raz,Whoa. Sorry. I was looking for Bonita Soleil.,
THAC005BT,TH_StringTable.csv,Bonita,You mean the personal muse of Gloria Von Gouton? Her inner sunshine?,
THAC006RA,TH_StringTable.csv,Raz,"The spirit of her youth, yes.",
THAC007BT,TH_StringTable.csv,Bonita,That's me. Whaddya want? An autograph? I'm kinda busy here.,
THAC008RA,TH_StringTable.csv,Raz,"So, are you ready for your big number?",
THAC009BT,TH_StringTable.csv,Bonita,Did you put a candle in that spotlight and light it yet?,
THAC010RA,TH_StringTable.csv,Raz,"No. But I'm ABOUT to, so uh... five minutes, Miss Soleil!",
THAC011BT,TH_StringTable.csv,Bonita,"Thanks, Sonny.",
THAC012RA,TH_StringTable.csv,Raz,"Now you see, that performance is exactly why we need to practice.",
THAC013BT,TH_StringTable.csv,Bonita,"Beat it, kid. I'm through.",
THAC014BT,TH_StringTable.csv,Bonita,"As long as Jasper and that Phantom are out there, I'm staying back here...",
THAC015BT,TH_StringTable.csv,Bonita,...wallowing in my glamorous torment.,
THAC016RA,TH_StringTable.csv,Raz,The show must go on!,
THAC017BT,TH_StringTable.csv,Bonita,"Yeah, it must go on without me, as long as Jasper Rolls and that Phantom are out there!",
THAC018BT,TH_StringTable.csv,Bonita,"Sorry, kid.",
THAC019RA,TH_StringTable.csv,Raz,They need you on stage right away for your big number!,
THAC020BT,TH_StringTable.csv,Bonita,Am I not playing this right or something? I'm drowning in a quagmire of self pity!,
THAC021BT,TH_StringTable.csv,Bonita,Why aren't you getting that? Should I be doing more with my hands?,
THAC022RA,TH_StringTable.csv,Raz,So  who's that crying?,
THAC023BT,TH_StringTable.csv,Bonita,"Oh, sorry--",
THAC024BT,TH_StringTable.csv,Bonita,"Hey, can we kill the waterworks for a second?",
THAC025BT,TH_StringTable.csv,Bonita,Thanks.,
THAC026BT,TH_StringTable.csv,Bonita,It's a recording. It helps me focus.,
THAC027RA,TH_StringTable.csv,Raz,"So, you're not going out on stage?",
THAC028BT,TH_StringTable.csv,Bonita,Have you seen any of the plays we put on here? Those god-awful slices of Gloria's terrible life? ,
THAC029BT,TH_StringTable.csv,Bonita,How am I supposed to bring light to those?,
THAC030BT,TH_StringTable.csv,Bonita,"Listen, the burden of being the only sunshine in this theater is just too much for one beautiful, glowing, inspirational muse to bear you know?",
THAC031RA,TH_StringTable.csv,Raz,You're not scared of that Phantom are you?,
THAC032BT,TH_StringTable.csv,Bonita,"No, it's not him I'm frightened of.",
THAC033BT,TH_StringTable.csv,Bonita,"It's that fat one who clings to the side of the theater like a blood-swollen tick, sucking out its life.",
THAC034RA,TH_StringTable.csv,Raz,Ew.,
THAC035BT,TH_StringTable.csv,Bonita,"He's always been there, but he wasn't always that big and loud. ",
THAC036BT,TH_StringTable.csv,Bonita,"I couldn't hear him much at all, really, until Gloria's mother hit the stage.",
THAC037RA,TH_StringTable.csv,Raz,He didn't like her performance either?,
THAC038BT,TH_StringTable.csv,Bonita,"No, I mean HIT the stage. Ker-splat.",
THAC039BT,TH_StringTable.csv,Bonita,Jumped from the catwalks while Gloria was in Paris. ,
THAC041BT,TH_StringTable.csv,Bonita,"Yeah, that's what the janitor said too.",
THAC042RA,TH_StringTable.csv,Raz,I haven't seen any plays. How do I see a play?,
THAC043BT,TH_StringTable.csv,Bonita,"Well, those actors are worthless without a good script.",
THAC044BT,TH_StringTable.csv,Bonita,"Just find a script and give it to that bossy little dynamo with the headphones, she'll know what to do.",
THAC045RA,TH_StringTable.csv,Raz,Where do I find a script?,
THAC046BT,TH_StringTable.csv,Bonita,"Those actors are always hiding copies on one set or another, in case they forget their lines.",
THAC047BT,TH_StringTable.csv,Bonita,"And that mean, fat, horrible Jasper has one he's always trying to get produced.",
THAC048BT,TH_StringTable.csv,Bonita,"When you find a script, give it to Becky Houndstooth.",
THAC049BT,TH_StringTable.csv,Bonita,"But be careful.  If you play a script on a set it wasn't written for, you never know what might happen!",
THAC050RA,TH_StringTable.csv,Raz,Is there any way I can get you to take the stage? For the fans?,
THAC051BT,TH_StringTable.csv,Bonita,"If you can get me some help out there, so I'm not the only light on the set...",
THAC052RA,TH_StringTable.csv,Raz,I'll turn on a spotlight!,
THAC053BT,TH_StringTable.csv,Bonita,"Eh, that could work, but you'll need a candle...",
THAC054BT,TH_StringTable.csv,Bonita,I think there might be a spare in the storeroom.,
THAC055BT,TH_StringTable.csv,Bonita,"If you can get a candle into a spotlight and light it, I'll come out and give the show one last try.",
THAC056BT,TH_StringTable.csv,Bonita,But I'm not promising anything!,
THAC057RA,TH_StringTable.csv,Raz,I'll leave you alone now. I know you have a lot of crying to do.,
THAC058BT,TH_StringTable.csv,Bonita,Thank you. Now where was I?,
THJA000JA,TH_StringTable.csv,Jasper,ZZzzzzzZZZzz.,
THJA001JA,TH_StringTable.csv,Jasper,ZZzzzz. ZzzZZZZZZ.,
THJA002JA,TH_StringTable.csv,Jasper,Zzzzzz-ZZzzzzz.,
THJA003RA,TH_StringTable.csv,Raz,"Hey, can you help me get up to the catwalks so I can fight that phantom?",
THJA004JA,TH_StringTable.csv,Jasper,Ha! Can't get there from here! Ha ha ha!,
THJA005JA,TH_StringTable.csv,Jasper,"I mean, unless you did that one, particular play on that one, particular set...",
THJA006JA,TH_StringTable.csv,Jasper,"Oh, but what am I saying? That's almost impossible. ",
THJA007JA,TH_StringTable.csv,Jasper,Forget about it. The theater is doomed!,
THJA009JA,TH_StringTable.csv,Jasper,"Ah, you've tasted excellence, and now you're back, begging for another bowl of quality theater?",
THJA011JA,TH_StringTable.csv,Jasper,"Ew, oh. Well unfortunately for you that's the last script I'll waste on this theater. ",
THJA012JA,TH_StringTable.csv,Jasper,I'm saving the rest for Broadway!,
THJA013JA,TH_StringTable.csv,Jasper,Just dig around the sets. I'm sure you'll find some horrible scripts in there. ,
THJA014JA,TH_StringTable.csv,Jasper,"Oh, except do NOT do that, because they certainly would NOT help you get to the catwalks, which are very dangerous anyway, so give up.",
THJA015RA,TH_StringTable.csv,Raz,You're mean and fat.,
THJA016JA,TH_StringTable.csv,Jasper,And?,
THJA017RA,TH_StringTable.csv,Raz,Just giving you the update.,
THJA018JA,TH_StringTable.csv,Jasper,At least I'm good at it.,
THJA020JA,TH_StringTable.csv,Jasper,I'm trying to save you from that mysterious Phantom character!,
THJA021JA,TH_StringTable.csv,Jasper,He only attacks when Bonita performs!,
THJA022JA,TH_StringTable.csv,Jasper,"If we got rid of Little Miss Sunshine, we'd all be safer now wouldn't we?",
THJA023JA,TH_StringTable.csv,Jasper,I'm only thinking of the children. ,
THJA025JA,TH_StringTable.csv,Jasper,"The young boy's protests, though heartfelt, quickly lapsed into simplistic and tedious platitudes. One and a half stars!",
THJA026RA,TH_StringTable.csv,Raz,Bonita's just trying to lighten things up around here!,
THJA028JA,TH_StringTable.csv,Jasper,"She should quit now, while she can still get a job as a night light.",
THJA029RA,TH_StringTable.csv,Raz,"If you hate the show so much, why don't you just leave?",
THJA030JA,TH_StringTable.csv,Jasper,I can't stop looking at it. It's like the sight of a horrible car accident.,
THJA031JA,TH_StringTable.csv,Jasper,"A car accident where the victims can't act, and the paramedics forget their lines.",
THJA032RA,TH_StringTable.csv,Raz,"Alright, later, you old gas bag.",
THJA033JA,TH_StringTable.csv,Jasper,"Listen, this play just stinks. Here. Try this one instead.",
THJA034JA,TH_StringTable.csv,Jasper,"This play has some ACTION in it, some zing!",
THJA035RA,TH_StringTable.csv,Raz,"Wow, thanks. Are you actually being nice?",
THJA036JA,TH_StringTable.csv,Jasper,No! I'm just trying to keep myself halfway entertained!,
THJA037JA,TH_StringTable.csv,Jasper,Go! Give that to Becky and see if she can't find some actors to ruin it!,
THJA038JA,TH_StringTable.csv,Jasper,Ha. Break a leg.,
THJA008RA,TH_StringTable.csv,Raz,"Excuse me, Mr. Rolls, but do you have any more scripts?",
THJA010RA,TH_StringTable.csv,Raz,"Not really. But I think that if I find a play that moves the props around in just the right way, I can use them to get up to the catwalks and fight the Phantom!",
THJA019RA,TH_StringTable.csv,Raz,"Hey, why do you have to be so hard on Bonita?",
THJA024RA,TH_StringTable.csv,Raz,"If you can't say something nice, don't say anything at all.",
THBF000SF,TH_StringTable.csv,Pink-Flower,And where would Gloria be without her muse?,
THBF001HF,TH_StringTable.csv,Yellow-Actor,Her inner sunshine!,
THBF002FF,TH_StringTable.csv,Orange-Flower,The spirit of her youth!,
THBF003SF,TH_StringTable.csv,Pink-Flower,"Played tonight, once again, by...",
THBF004SF,TH_StringTable.csv,Pink-Flower,Bonita Soleil!,
THBF007JA,TH_StringTable.csv,Jasper,"You'd better listen to me! You're no good! This play stinks! It's worse than ever before! Oh, I can't believe you call this theater!",
THBF008JA,TH_StringTable.csv,Jasper,"I can't even see it from down here, but I know it's bad! Can you hear me?",
THBF009JA,TH_StringTable.csv,Jasper,"Oh, you've got fat arms, you hear me? Big fat arms like a wrestler!",
THBF010JA,TH_StringTable.csv,Jasper,And a little turkey gobble hanging from your neck!,
THBF011JA,TH_StringTable.csv,Jasper,"Oh, your knees are ugly, and you snort when you laugh!",
THBI000RA,TH_StringTable.csv,Raz,"Okay Phantom, it's time to find out who--",
THBI001RA,TH_StringTable.csv,Raz,...you really are.,
THBI002RA,TH_StringTable.csv,Raz,What?,
THBI003RA,TH_StringTable.csv,Raz,I totally guessed that!,
THBI004FF,TH_StringTable.csv,Orange-Flower,Nuh-uh. You said it was Becky!,
THBI005RA,TH_StringTable.csv,Raz,Tssssst!,
THBI006RA,TH_StringTable.csv,Raz,"Okay, the jig is up, PHANTOM!",
THBI007JA,TH_StringTable.csv,Jasper,"What? Why, I never! How dare you accuse me of being the rugged and romantic scoundrel that has thrilled and terrified audiences for years!",
THBI008RA,TH_StringTable.csv,Raz,"Yeah, I guess you're right. He's so agile, and limber, and... thin. He could never be you.",
THBI009JA,TH_StringTable.csv,Jasper,Why you! Of course it's me!,
THBI010RA,TH_StringTable.csv,Raz,"Well it's time to hang up the cape, Tubs, because your days of terrorizing the theater as the Phantom are over.",
THBI011JA,TH_StringTable.csv,Jasper,"Maybe as the Phantom, but he's nothing compared to the full, destructive force of an angry critic! Ha ha ha!",
THBI012RA,TH_StringTable.csv,Raz,Hmm. How can I say this and still sound cool... sticks and stones may break my bones but words will never hurt me?,
THBI013JA,TH_StringTable.csv,Jasper,Well then!,
THBI014JA,TH_StringTable.csv,Jasper,How 'bout these? Wahahahahaha!,
THFP000BE,TH_StringTable.csv,Becky,"Look alive, people! Bonita Soleil is about to take the stage!",
THFP001BE,TH_StringTable.csv,Becky,Flower girls in position one. And... ACTION!,
THFP002SF,TH_StringTable.csv,Pink-Flower,"Tonight I will be playing the part of Gloria Von Gouton, the famous actress!",
THFP003HF,TH_StringTable.csv,Yellow-Actor,In this nostalgic memory of her breakthrough role in the smash hit musical...,
THFP004FF,TH_StringTable.csv,Orange-Flower,"""Sunshine Shenanigans!""",
THFP005SF,TH_StringTable.csv,Pink-Flower,Yay! Wooo!,
THFP008PT,TH_StringTable.csv,Phantom,Heh heh heh.,
THFP009SF,TH_StringTable.csv,Pink-Flower,"Oh, I do so hope that my mother is proud of me!",
THFP010BE,TH_StringTable.csv,Becky,Not again!,
THFP011FF,TH_StringTable.csv,Orange-Flower,The Phantom!,
THFP012JA,TH_StringTable.csv,Jasper,"I've seen some bad plays in my day, but this one's an actual menace. And it's all HER fault.",
THFP013JA,TH_StringTable.csv,Jasper,It's her bad acting that makes the Phantom strike!,
THFP015BT,TH_StringTable.csv,Bonita,Boo hoo hoo!,
THFP016JA,TH_StringTable.csv,Jasper,"This time, I'm going to file a formal complaint and get this theater shut down! ",
THFP017BE,TH_StringTable.csv,Becky,"Great. Well, I'm off to go kill myself. ",
THFP018RA,TH_StringTable.csv,Raz,"You know, you could be a more constructive critic.",
THFP019JA,TH_StringTable.csv,Jasper,"Kid, if you want to see a GOOD play, come talk to me. I've got a script here that will knock 'em dead, I promise.",
THAA000BE,TH_StringTable.csv,Becky,CUT! ,
THAA001BE,TH_StringTable.csv,Becky,Hey! Kid! Can't you see I'm trying to produce a play here?,
THAA002RA,TH_StringTable.csv,Raz,Uh... no.,
THAA003BE,TH_StringTable.csv,Becky,Oh god!,
THAA004BE,TH_StringTable.csv,Becky,Even a child can see I've lost control of this production! ,
THAA005BE,TH_StringTable.csv,Becky,"Okay, Becky, get a grip...",
THAA006RA,TH_StringTable.csv,Raz,Child? ,
THAA007BE,TH_StringTable.csv,Becky,"Look, kid, it wasn't always like this! We used to have a hit show on our hands! Everybody loved us!",
THAA008BE,TH_StringTable.csv,Becky,"But then our big star, Bonita Soleil, got stage fright and locked herself in her dressing room!",
THAA009BE,TH_StringTable.csv,Becky,"So now we're stuck flipping between ""Sunshine Shenanigans"" and ""The Horror of Hagatha Home!""",
THAA010JA,TH_StringTable.csv,Jasper,Which is like flipping between a root canal and a sharp stick in the eye!,
THAA011BE,TH_StringTable.csv,Becky,"Just ignore Jasper. He's just a critic, who happens to be right.",
THAA012RA,TH_StringTable.csv,Raz,I'll go talk to Bonita. I'm sure all she needs is a little pep talk. ,
THAA013JA,TH_StringTable.csv,Jasper,"That, and acting lessons.",
THAA014BE,TH_StringTable.csv,Becky,"If you can get Bonita to take the stage again, then you're the star of my show, kid.",
THAD000BE,TH_StringTable.csv,Becky,"Hey, what's this? A new script?",
THAD001BE,TH_StringTable.csv,Becky,"""Knight of Joy?""",
THAD002BE,TH_StringTable.csv,Becky,Weird. It smells like popcorn. And it doesn't say which set to play it on...,
THAD003BE,TH_StringTable.csv,Becky,"Oh well. We'll just play it on whatever's on stage. I mean, what could POSSIBLY go wrong?",
THAD004BE,TH_StringTable.csv,Becky,Here. You can be my first A.D.,
THAD005BE,TH_StringTable.csv,Becky,Use the megaphone if you want to run the play again.,
THAD006BE,TH_StringTable.csv,Becky,Okay! New script everybody! Let's practice!,
THAD007BE,TH_StringTable.csv,Becky,Aaaand action!,
THAD008BE,TH_StringTable.csv,Becky,"Oh, another script!",
THAD009BE,TH_StringTable.csv,Becky,"""The Day the Mail Boat Finally Came.""",
THAD010BE,TH_StringTable.csv,Becky,Uh-oh.,
THAD011BE,TH_StringTable.csv,Becky,Prop department? I'm going to need a boat on stage right away.,
THAD012BE,TH_StringTable.csv,Becky,"Okay, people! Places everyone!",
THAD013BE,TH_StringTable.csv,Becky,"""Goodbye Hagatha Home.""",
THAD014BE,TH_StringTable.csv,Becky,"Hey, I--I think this is the one with the--",
THAD015BE,TH_StringTable.csv,Becky,"Hey, props. Is that hot air balloon still working?",
THAD016BE,TH_StringTable.csv,Becky,Let's hustle people! It's show time!,
THAD017BE,TH_StringTable.csv,Becky,"That means you too, kid. You gotta hustle onto that balloon if you want to get up to the catwalks.",
THAB000BE,TH_StringTable.csv,Becky,I have GOT to get control over this production!,
THAB001BE,TH_StringTable.csv,Becky,If only Bonita would come out here and do her thing.,
THAB002BE,TH_StringTable.csv,Becky,"Okay, Becky. Get a grip!",
THAB003BE,TH_StringTable.csv,Becky,A-hoo hoo hoo!,
THAB004BE,TH_StringTable.csv,Becky,I am NOT crying.,
THAB005BE,TH_StringTable.csv,Becky,God. ,
THAB006BE,TH_StringTable.csv,Becky,Okay. Okay. Okay.,
THAB007RA,TH_StringTable.csv,Raz,"Everything under control there, Becky?",
THAB008RA,TH_StringTable.csv,Raz,Everything okay there Becky?,
THAB009BE,TH_StringTable.csv,Becky,Ah! Why did you say that? What have you heard?,
THAB011BE,TH_StringTable.csv,Becky,"You get Bonita Soleil to perform again, and everything will be GREAT.",
THAB012BE,TH_StringTable.csv,Becky,"Her dressing room is behind the stage to the right, at the end of the hall.",
THAB013RA,TH_StringTable.csv,Raz,"Hey, you said that if Bonita performed, everything would be okay.",
THAB014BE,TH_StringTable.csv,Becky,"Okay, so I left out the part about the deadly Phantom. I thought you'd chicken out!",
THAB015RA,TH_StringTable.csv,Raz,Ma'am. I'm a Psychonaut. Just show me how to get up to those catwalks he hides out in and--,
THAB016BE,TH_StringTable.csv,Becky,Sorry. No way up there.,
THAB017BE,TH_StringTable.csv,Becky,"Well, there was this ONE play...",
THAB018BE,TH_StringTable.csv,Becky,"We would lower this prop hot air balloon down from the catwalks, and then pull it back up again...",
THAB019BE,TH_StringTable.csv,Becky,But I think one of the actors lost the script somewhere.,
THAB020BE,TH_StringTable.csv,Becky,If you find it--or any other play for crying out loud--just bring it to me and I'll run the actors through it.,
THAB021BE,TH_StringTable.csv,Becky,We're so desperate for new material around here!,
THAB022RA,TH_StringTable.csv,Raz,So how do I get up to the catwalks? ,
THAB023BE,TH_StringTable.csv,Becky,"Bring me all the scripts you find, and maybe one of them will bring that hot air balloon down.",
THAB024BE,TH_StringTable.csv,Becky,...if you play it on the right set.,
THAB025RA,TH_StringTable.csv,Raz,Those catwalks sucked. Why did I ever want to go up there?,
THAB026BE,TH_StringTable.csv,Becky,To fight the Phantom and save the theater?,
THAB027RA,TH_StringTable.csv,Raz,Oh yeah!,
THAE000RA,TH_StringTable.csv,Raz,"Becky, can we see the ""Knight of Joy"" again?",
THAE001BE,TH_StringTable.csv,Becky,"Yeah, that one could use a little work.",
THAE002RA,TH_StringTable.csv,Raz,"""The Day the Mail Boat Finally Came"" needs another run-through, I think.",
THAE003RA,TH_StringTable.csv,Raz,"Let's do ""Goodbye Hagatha Home"" once more, okay?",
THAE004RA,TH_StringTable.csv,Raz,"Doing a great job, Becky!",
THAE005BE,TH_StringTable.csv,Becky,Aw!,
THAF000BE,TH_StringTable.csv,Becky,"Hey, whoa, whoa, whoa, whoa, CAREFUL!",
THAF001BE,TH_StringTable.csv,Becky,That's the manual mood override. That's how we set the right mood for the play. ,
THAF002BE,TH_StringTable.csv,Becky,"Mess with that, we'll have happy plays on sad sets, sad plays on happy sets",
THAF003BE,TH_StringTable.csv,Becky,Total chaos. Or worse--IMPROV.,
THAF004BE,TH_StringTable.csv,Becky,So whatever you do...,
THAF005BE,TH_StringTable.csv,Becky,Don't mess with the manual mood override unless you want to see some strange stuff happen!,
THAG000SF,TH_StringTable.csv,Pink-Flower,"Oh, who would have thought that I, Gloria Von Gouton, would be starring in my own Broadway musical at such a young age?",
THAG001SF,TH_StringTable.csv,Pink-Flower,"I hope my mother is proud of me. Well, here it goes!",
THAH000SF,TH_StringTable.csv,Pink-Flower,"Oh, my dear Mother! Do you not love my new seaside mansion, bought with a fraction of the wealth my overnight success has given to me?",
THAH001FF,TH_StringTable.csv,Orange-Flower,"Yes, Gloria, my daughter. I only live to make you happy.",
THAH002SF,TH_StringTable.csv,Pink-Flower,"We are so lucky to be together again so that I could share it all with you, and also that you are not even jealous of my youth and fame, though my star has risen so much faster and grown so much bigger than that of yours, which has so quickly faded!",
THAH003FF,TH_StringTable.csv,Orange-Flower,Yes.  ,
THAH004SF,TH_StringTable.csv,Pink-Flower,I love sharing my wealth and fame with you dear mother.,
THAH005FF,TH_StringTable.csv,Orange-Flower,Yes. And I am so glad that you remember that you owe it all to me.,
THAI000SF,TH_StringTable.csv,Pink-Flower,Goodbye my previously dear mother! I flee now to Europe to escape your insane jealousy over my amazing career.,
THAI001FF,TH_StringTable.csv,Orange-Flower,"Please do not leave me, Gloria my daughter! Go now and I shall do something unto myself both drastic and traumatizing to you emotionally!",
THAI002SF,TH_StringTable.csv,Pink-Flower,"Care, I do not, for you sicken me with disgust. Adieu, ma mère. Adieu.",
THAI003FF,TH_StringTable.csv,Orange-Flower,"Daughter please do not run off to Europe to escape my jealous wrath, or I will surely kill unto myself to the death.",
THAI004SF,TH_StringTable.csv,Pink-Flower,"Break a leg, mother!",
THAJ000HT,TH_StringTable.csv,Hound-Actor,"Bwah-ha-ha! Welcome to Hagatha Home School for Girls, where you will begin your long and painful training in the theatrical disciplines. Bwah-ha-ha.",
THAJ001ST,TH_StringTable.csv,Small-Thistle,But I don't want to study theater! I want my mom to come take me home right now!,
THAJ002FT,TH_StringTable.csv,Big-Thistle,Your mom has a career and a boyfriend to think about. She doesn't have time for an ugly little girl like you.,
THAJ004HT,TH_StringTable.csv,Hound-Actor,There is nothing more tedious than the tears of an unlovable child.,
THAJ005FT,TH_StringTable.csv,Big-Thistle,It's time to suffer for your art!,
THAJ006ST,TH_StringTable.csv,Small-Thistle,Oh when will my mother come and rescue me from the cruel training of Hagatha Home?,
THAJ007HT,TH_StringTable.csv,Hound-Actor,Bwah ha ha!,
THAJ008FT,TH_StringTable.csv,Big-Thistle,Never!,
THAK000ST,TH_StringTable.csv,Small-Thistle,"Wherefore art thou, O elusive mail boat? How I yearn for the shores of my loneliness to be creased by your sturdy keel!",
THAK001FT,TH_StringTable.csv,Big-Thistle,"The mail boat ain't comin' for you, girly!",
THAK002HT,TH_StringTable.csv,Hound-Actor,"The mail boat may never come, but I think I see the mail TRAIN approacheth through yon tunnel!",
THAK003ST,TH_StringTable.csv,Small-Thistle,"Mail train? Yay! Surely, it bears to me a letter from my dear mother who abandoned me at this school for girls so long ago!",
THAK004ST,TH_StringTable.csv,Small-Thistle,A dragon? Ahhhh!,
THAK005HT,TH_StringTable.csv,Hound-Actor,Ha ha ha! 'Tis a dragon indeed. You have been fooled and burned.,
THAK006FT,TH_StringTable.csv,Big-Thistle,Outstanding!,
THAK007ST,TH_StringTable.csv,Small-Thistle,"Oh, mail boat, mail boat, come and make my heart float!",
THAK008FT,TH_StringTable.csv,Big-Thistle,Won't someone kill this bleating goat?,
THAK009HT,TH_StringTable.csv,Hound-Actor,Let's throw this sad sack in the moat!,
THAK010HT,TH_StringTable.csv,Hound-Actor,HA HA HA!,
THAL000FT,TH_StringTable.csv,Big-Thistle,"Pray tell me, my shady manager and rumored lover, must I truly ship my only daughter Gloria off to Hagatha Home School for Girls?",
THAL001HT,TH_StringTable.csv,Hound-Actor,"Yes, and immediately, before she ruins our career. I mean your career.",
THAL002ST,TH_StringTable.csv,Small-Thistle,No! Never shall I go!,
THAL003FT,TH_StringTable.csv,Big-Thistle,"Worry not, baby daughter, for I every day shall write to you.",
THAL004HT,TH_StringTable.csv,Hound-Actor,Yes. And I shall mail the letters myself. Personally. Bwah ha!,
THAL005ST,TH_StringTable.csv,Small-Thistle,Good bye!,
THAL006FT,TH_StringTable.csv,Big-Thistle,Good journey!,
THAL007HT,TH_StringTable.csv,Hound-Actor,Good riddance!,
THAM000SF,TH_StringTable.csv,Pink-Flower,"Mother, Mother, tell me true of the dad I never knew.",
THAM001FF,TH_StringTable.csv,Orange-Flower,He was brave in thought and deed. Can't you hear his mighty steed?,
THAM002SF,TH_StringTable.csv,Pink-Flower,Wooooow.,
THAN002FT,TH_StringTable.csv,Big-Thistle,"Yeah, just ride on by Sir Deadbeat Dad. Don't hang around to help raise your poor daughter.",
THAN003ST,TH_StringTable.csv,Small-Thistle,Jerk.,
THAO000SF,TH_StringTable.csv,Pink-Flower,Daddy?,
THAP000ST,TH_StringTable.csv,Small-Thistle,My father has nobly smoten the beast to his own death! He is a hero!,
THAP001FT,TH_StringTable.csv,Big-Thistle,"Yay, and for the record, not a bad kisser.",
THAQ000SF,TH_StringTable.csv,Pink-Flower,It was more exciting the first time.,
THAQ001FF,TH_StringTable.csv,Orange-Flower,"It always is, honey.",
THAR000SF,TH_StringTable.csv,Pink-Flower,Gasp!,
THAR001FF,TH_StringTable.csv,Orange-Flower,"Yes, though you would never think, the thing that killed him was the drink.",
THAS000SF,TH_StringTable.csv,Pink-Flower,Ah-ha ha ha ha ha ha ha ha!,
THAS001FF,TH_StringTable.csv,Orange-Flower,Ah-ha ha ha ha ha ha ha ha!,
THAS002SF,TH_StringTable.csv,Pink-Flower,Idiot.,
THAT000SF,TH_StringTable.csv,Pink-Flower,"I say, I believe I do see the mail boat approaching!",
THAT001SF,TH_StringTable.csv,Pink-Flower,"I SAID, I BELIEVE I DO see the MAIL BOAT APPROACHING!",
THAT002SF,TH_StringTable.csv,Pink-Flower,"Uh, I wonder what is taking the mail boat so long to get here, after I clearly declared that I have seen it approaching?",
THAT003HF,TH_StringTable.csv,Yellow-Actor,We can't find the wheels for the boat!,
THAT004FF,TH_StringTable.csv,Orange-Flower,We're SUPPOSED to have water for the boat to float on.,
THAT005SF,TH_StringTable.csv,Pink-Flower,I swear I can't work like this. ,
THAT006FF,TH_StringTable.csv,Orange-Flower,Seriously. I'm calling my agent.,
THAU002ST,TH_StringTable.csv,Small-Thistle,"Hm, I wonder if the captain of the boat wants to get beat up, and maybe that's why he's taking so long to bring it on stage?",
THAU003HT,TH_StringTable.csv,Hound-Actor,Somebody come help me drag this thing!,
THAU004FT,TH_StringTable.csv,Big-Thistle,Drag?? No way.,
THAU005ST,TH_StringTable.csv,Small-Thistle,Oh look. The mail boat sank and everybody died. The end!,
THAV000SF,TH_StringTable.csv,Pink-Flower,"Ah, 'twas never a vessel more beautiful and resplendified.",
THAV001HF,TH_StringTable.csv,Yellow-Actor,Are you Miss Gloria Von Gouton?,
THAV002SF,TH_StringTable.csv,Pink-Flower,Yes!,
THAV003HF,TH_StringTable.csv,Yellow-Actor,"Well, then these bags and bags of lavender-scented fan mail must be for your beautiful self!",
THAV004SF,TH_StringTable.csv,Pink-Flower,Yay!,
THAW001HT,TH_StringTable.csv,Hound-Actor,"Sorry, no mail for you, ugly girl.",
THAW002ST,TH_StringTable.csv,Small-Thistle,Waaaa!,
THAW003FT,TH_StringTable.csv,Big-Thistle,"Ha ha! In your face, fatty.",
THAX000HF,TH_StringTable.csv,Yellow-Actor,I'll just step off onto the shore here and say my next line...,
THAX001HF,TH_StringTable.csv,Yellow-Actor,Waah!,
THAX002FF,TH_StringTable.csv,Orange-Flower,You okay down there?,
THAY000HT,TH_StringTable.csv,Hound-Actor,"Okay, let me just step onto the shore that I'm sure must be here by now...",
THAY002FT,TH_StringTable.csv,Big-Thistle,"Way to blow you lines, moron.",
THAZ000SF,TH_StringTable.csv,Pink-Flower,"Sigh, when will my mother ever come take me home from this horrible school for girls?",
THAZ001FF,TH_StringTable.csv,Orange-Flower,"Do not worry, for I believe I see them floating here now in a magical balloon.",
THAZ002HF,TH_StringTable.csv,Yellow-Actor,Hey! Pssst!,
THAZ003FF,TH_StringTable.csv,Orange-Flower,What?,
THAZ004HF,TH_StringTable.csv,Yellow-Actor,There's no magic cloud in this set.,
THAZ005FF,TH_StringTable.csv,Orange-Flower,"Rats. Well, let's just run around happily and maybe no one will notice.",
THAZ006HF,TH_StringTable.csv,Yellow-Actor,There's no magic cloud on this one either.,
THAZ007FF,TH_StringTable.csv,Orange-Flower,Man!,
THAZ008SF,TH_StringTable.csv,Pink-Flower,How embarrassing.,
THAZ009SF,TH_StringTable.csv,Pink-Flower,"Sigh, when will my mother--",
THAZ010HF,TH_StringTable.csv,Yellow-Actor,"Guys, don't bother. No magic cloud.",
THAZ011FF,TH_StringTable.csv,Orange-Flower,This play is a mess. I think Becky's lost it.,
THAZ012SF,TH_StringTable.csv,Pink-Flower,"You know, it's the fans who really suffer when this happens.",
THAZ013FF,TH_StringTable.csv,Orange-Flower,"Hey, you got a Magic Cloud ready up there?",
THAZ014HF,TH_StringTable.csv,Yellow-Actor,Uh... don't see one.,
THAZ015FF,TH_StringTable.csv,Orange-Flower,"Oh man. Well keep dancing, keep dancing!",
THBA000ST,TH_StringTable.csv,Small-Thistle,"Oh, sigh.",
THBA001FT,TH_StringTable.csv,Big-Thistle,"Whatever is wrong, little girl?",
THBA002ST,TH_StringTable.csv,Small-Thistle,"Well, my family has left me alone in a bad, bad place for many years, and I don't know if they will ever come back for me.",
THBA003FT,TH_StringTable.csv,Big-Thistle,"Ah, don't worry. I'm sure they'll come for you and you'll never have to think of that bad place again, ever.",
THBA004ST,TH_StringTable.csv,Small-Thistle,"Hey, you're right! I think I see them now!",
THBA007HT,TH_StringTable.csv,Hound-Actor,"Hello, my dear beloved daughter. We have come back for you. Please come with us and be happy and never think of this terrible, terrible place again!",
THBA008HT,TH_StringTable.csv,Hound-Actor,THE END.,
THBC000FT,TH_StringTable.csv,Big-Thistle,"Hey, cue the magical balloon, moron!",
THBC001HT,TH_StringTable.csv,Hound-Actor,"Hey, there's no magical balloon on this set, but that won't stop me from jumping down there and kicking your ass so watch it!",
THBC002FT,TH_StringTable.csv,Big-Thistle,Grrr.,
THBC004FT,TH_StringTable.csv,Big-Thistle,"Hold on, girly...",
THBC005FT,TH_StringTable.csv,Big-Thistle,"Hey, you got the magical cloud ready up there, loser?",
THBC006HT,TH_StringTable.csv,Hound-Actor,"There's no magic cloud on this set, you old bag.",
THBC007FT,TH_StringTable.csv,Big-Thistle,Oooh!,
THBG000FF,TH_StringTable.csv,Orange-Flower,Ha ha!,
THBG003SF,TH_StringTable.csv,Pink-Flower,I never get tired of doing the maypole!,
THBG004SF,TH_StringTable.csv,Pink-Flower,The maypole sure does make me happy.,
THBG005HF,TH_StringTable.csv,Yellow-Actor,"Hey, who's happy?",
THBG006SF,TH_StringTable.csv,Pink-Flower,ME!,
THBG007FF,TH_StringTable.csv,Orange-Flower,MEEE!,
THBG008SF,TH_StringTable.csv,Pink-Flower,We're so lucky!,
THBG009HF,TH_StringTable.csv,Yellow-Actor,I love May!,
THBG010FF,TH_StringTable.csv,Orange-Flower,I love poles!,
THBG011FF,TH_StringTable.csv,Orange-Flower,"Man, I am going to puke if I have to go around this stupid thing one more time.",
THBG012SF,TH_StringTable.csv,Pink-Flower,I hear that! And it's wrapped already! Why are we still walking?,
THBG013HF,TH_StringTable.csv,Yellow-Actor,Shhh! Happy!,
THBG014FF,TH_StringTable.csv,Orange-Flower,"Yeah, yeah.",
THBG015SF,TH_StringTable.csv,Pink-Flower,Sigh. So lovely.,
THBG016FF,TH_StringTable.csv,Orange-Flower,Yes.,
THBG017SF,TH_StringTable.csv,Pink-Flower,I'm so lucky.,
THBG018SF,TH_StringTable.csv,Pink-Flower,My house is sooo beautiful mother.,
THBG019SF,TH_StringTable.csv,Pink-Flower,Isn't it?,
THBG020SF,TH_StringTable.csv,Pink-Flower,"And you're not jealous, right?",
THBG021SF,TH_StringTable.csv,Pink-Flower,Because I am so famous?,
THBG022SF,TH_StringTable.csv,Pink-Flower,And you're not so much?,
THBG023SF,TH_StringTable.csv,Pink-Flower,"I mean, you used to be.",
THBG024SF,TH_StringTable.csv,Pink-Flower,Until I came along of course.,
THBG025SF,TH_StringTable.csv,Pink-Flower,You're the best mother ever. ,
THBG026FF,TH_StringTable.csv,Orange-Flower,"Drastic, I tell you!",
THBG027FF,TH_StringTable.csv,Orange-Flower,It's going to be horrible.,
THBG028FF,TH_StringTable.csv,Orange-Flower,This thing I'm going to do.,
THBG029FF,TH_StringTable.csv,Orange-Flower,To myself. And you.,
THBG030FF,TH_StringTable.csv,Orange-Flower,I'm not kidding!,
THBG031FF,TH_StringTable.csv,Orange-Flower,"You think I am kidding, but I am not.",
THBG032FF,TH_StringTable.csv,Orange-Flower,Soon you will be the sorry one!,
THBG033FF,TH_StringTable.csv,Orange-Flower,Sorry you ran off to Paris.,
THBG034FF,TH_StringTable.csv,Orange-Flower,This will hurt you more than it will hurt me. ,
THBG035FF,TH_StringTable.csv,Orange-Flower,And it's going to hurt me a lot.,
THBG036FF,TH_StringTable.csv,Orange-Flower,Unless I land on my head of course. Then I might not feel anything.,
THBG037FF,TH_StringTable.csv,Orange-Flower,"Okay, you're running out of time to come back, selfish daughter.",
THBG038FF,TH_StringTable.csv,Orange-Flower,You don't have forever!,
THBG039FF,TH_StringTable.csv,Orange-Flower,I'll do it this terrible thing!,
THBG040FF,TH_StringTable.csv,Orange-Flower,I promise!,
THBG041FF,TH_StringTable.csv,Orange-Flower,"Like, any second now.",
THBH003FT,TH_StringTable.csv,Big-Thistle,Ho ho!,
THBH006ST,TH_StringTable.csv,Small-Thistle,Boo hoo!,
THBH007ST,TH_StringTable.csv,Small-Thistle,I want to go home!,
THBH008ST,TH_StringTable.csv,Small-Thistle,I hate it here.,
THBH009FT,TH_StringTable.csv,Big-Thistle,"Well, here hates you too!",
THBH010ST,TH_StringTable.csv,Small-Thistle,Hagatha home is horrible!,
THBH011ST,TH_StringTable.csv,Small-Thistle,Woe is me!,
THBH012ST,TH_StringTable.csv,Small-Thistle,I miss my mother!,
THBH013ST,TH_StringTable.csv,Small-Thistle,Oh... lament.,
THBH014ST,TH_StringTable.csv,Small-Thistle,Woe enrobes my soul.,
THBH015ST,TH_StringTable.csv,Small-Thistle,My spirit is ensconced in sorrow.,
THBH016ST,TH_StringTable.csv,Small-Thistle,"I think I see a sail! Oh, wait... that's a shark fin.",
THBH017ST,TH_StringTable.csv,Small-Thistle,Sigh.,
THBH018ST,TH_StringTable.csv,Small-Thistle,Why won't she write me? My mother I mean?,
THBH019ST,TH_StringTable.csv,Small-Thistle,Her shady and disreputable agent said he'd deliver the letters personally.,
THBH020ST,TH_StringTable.csv,Small-Thistle,I'm sure he wants her to get letters from her own child. Even though having that child out of wedlock caused a scandal that almost ruined her career and robbed him of his meal ticket!,
THBH021ST,TH_StringTable.csv,Small-Thistle,Siiiiiigh.,
THBH022ST,TH_StringTable.csv,Small-Thistle,"Man, that mail train trick was mean.",
THBH023ST,TH_StringTable.csv,Small-Thistle,"Oh, COME ON boat!",
THBH024FT,TH_StringTable.csv,Big-Thistle,"Oh, my baby's gone.",
THBH025HT,TH_StringTable.csv,Hound-Actor,"Ha ha! I mean, yes. We will miss her.",
THBH026FT,TH_StringTable.csv,Big-Thistle,My baby.,
THBH027HT,TH_StringTable.csv,Hound-Actor,Yes.  Bwah ha ha!,
THBH028FT,TH_StringTable.csv,Big-Thistle,"Oh, poor baby Gloria!",
THBH029HT,TH_StringTable.csv,Hound-Actor,Yes.  (snicker.),
THBH030FT,TH_StringTable.csv,Big-Thistle,Whenever will I see her again?,
THBH031HT,TH_StringTable.csv,Hound-Actor,"NEVER! HA HA!  I mean, soon.",
THBH032FT,TH_StringTable.csv,Big-Thistle,"Oh my poor, poor daughter.",
THBH033HT,TH_StringTable.csv,Hound-Actor,"(Snicker, snicker!)",
THBK000HT,TH_StringTable.csv,Hound-Actor,Yon Dragon is a mystical force of the theater. Only the theater itself can affect it!,
THBK001FT,TH_StringTable.csv,Big-Thistle,Duh.,
THBL000RA,TH_StringTable.csv,Raz,"Hey, there's the hot air balloon I need to get to the catwalks. ",
THBL001RA,TH_StringTable.csv,Raz,"Now if I could just get them to do a play that brings it down here, I could ride it up to the catwalks and take care of that Phantom!",
THBN000PT,TH_StringTable.csv,Phantom,Heh heh heh...,
THBN002PT,TH_StringTable.csv,Phantom,You are not welcome here!,
THBN003PT,TH_StringTable.csv,Phantom,This is my sanctuary!,
THBN004PT,TH_StringTable.csv,Phantom,"Come no closer, or it will be the last thing you do!",
THBN005PT,TH_StringTable.csv,Phantom,I am... the Phantom!,
THBN006PT,TH_StringTable.csv,Phantom,Bwah ha ha ha!,
THBN007PT,TH_StringTable.csv,Phantom,Ha ha ha!,
THBN008PT,TH_StringTable.csv,Phantom,I see you down there!,
THBN009PT,TH_StringTable.csv,Phantom,Look out below!,
THBN010PT,TH_StringTable.csv,Phantom,Watch your step!,
THBN011PT,TH_StringTable.csv,Phantom,Break a leg!,
THBN012PT,TH_StringTable.csv,Phantom,"Ha, just like Gloria's mother!",
THBN013PT,TH_StringTable.csv,Phantom,"In theater, it's a long way to the bottom.",
THBN014PT,TH_StringTable.csv,Phantom,I warned you!,
THBO000PT,TH_StringTable.csv,Phantom,How dare you violate the sanctuary of...,
THBO001PT,TH_StringTable.csv,Phantom,THE PHANTOM!,
THBO002PT,TH_StringTable.csv,Phantom,"Stop, or your next step will be your last!",
THBO004PT,TH_StringTable.csv,Phantom,Did you think the Phantom was lying?,
THBO005PT,TH_StringTable.csv,Phantom,The Phantom is not messing around!,
THBP000PT,TH_StringTable.csv,Phantom,Ahhhhhh! Cruel sunlight!,
THBP001PT,TH_StringTable.csv,Phantom,Anything but that!,
THBP002PT,TH_StringTable.csv,Phantom,"Treacherous child, you shall pay for angering... The Phan--",
THBP003RA,TH_StringTable.csv,Raz,"Yeah, yeah. Whatever. Now just stay put so I can come punch and unmask you.",
THBQ000RA,TH_StringTable.csv,Raz,Hey!,
THBQ001RA,TH_StringTable.csv,Raz,Guess she really doesn't want to see anyone right now.,
THBR000JA,TH_StringTable.csv,Jasper,HA HA HA!,
THBR001JA,TH_StringTable.csv,Jasper,HO HO HO!,
THBR002JA,TH_StringTable.csv,Jasper,HEH HEH HEH!,
THBR003JA,TH_StringTable.csv,Jasper,"Your fighting is weak, uninspired, and flat as a pancake.",
THBR004JA,TH_StringTable.csv,Jasper,Your moves are derivative and mechanical.,
THBR005JA,TH_StringTable.csv,Jasper,"Oh, your technique is bland, yet irritating.",
THBR006JA,TH_StringTable.csv,Jasper,"Ho ho, sad!",
THBR007JA,TH_StringTable.csv,Jasper,Tedious!,
THBR008JA,TH_StringTable.csv,Jasper,Not good enough!,
THBR009JA,TH_StringTable.csv,Jasper,"A terrible fighter, not up to the task at hand!",
THBR010JA,TH_StringTable.csv,Jasper,Just plain bad!,
THBR011JA,TH_StringTable.csv,Jasper,"The crowd would have been disgusted, had they managed to stay awake!",
THBR012JA,TH_StringTable.csv,Jasper,Ahhhh! That light!,
THBR013JA,TH_StringTable.csv,Jasper,Gahhh!,
THBR014JA,TH_StringTable.csv,Jasper,"Horrible, hot beam of ocular agony!",
THBR015JA,TH_StringTable.csv,Jasper,It's like my retinas are being fried in a pan!,
THBR016JA,TH_StringTable.csv,Jasper,Why didn't I bring my sunglasses?,
THBR017JA,TH_StringTable.csv,Jasper,Ha! Not so fast!,
THBR018JA,TH_StringTable.csv,Jasper,"You'll pay for that one, brat!",
THBR019JA,TH_StringTable.csv,Jasper,Ow!,
THBR020JA,TH_StringTable.csv,Jasper,"You'll pay for that one, SPOTLIGHT!",
THBR021JA,TH_StringTable.csv,Jasper,"Take that, wretched regurgitator of the sun!",
THBR023JA,TH_StringTable.csv,Jasper,"Oh, another spotlight! I thought I got 'em all!",
THBR024JA,TH_StringTable.csv,Jasper,I'll give you what I gave your brother over there. Huh? How do you like that!?,
THBR025JA,TH_StringTable.csv,Jasper,Ahhhh! Oohhhh! (cough),
THBR026JA,TH_StringTable.csv,Jasper,What's the matter? Can't you take a little criticism?,
THBR027JA,TH_StringTable.csv,Jasper,Ooohhh ooohohohohhhh...,
THBS000BE,TH_StringTable.csv,Becky,"Hey, no time for shenanigans!",
THBS001BE,TH_StringTable.csv,Becky,"Thanks, thanks. You're right. I should get a grip.",
THBS002BE,TH_StringTable.csv,Becky,"Yes, thanks.",
THBS003BE,TH_StringTable.csv,Becky,Alright already! I'm calm! One more hit and you're a dead man!,
THBS004BE,TH_StringTable.csv,Becky,"Hey, I only let my Chiropractor do this. Do you have a license? ",
THBS005BE,TH_StringTable.csv,Becky,Put me down!,
THBS006BE,TH_StringTable.csv,Becky,"Wait, why am I stressed out? I forget.",
THBS007BE,TH_StringTable.csv,Becky,Huh.,
THBS008BE,TH_StringTable.csv,Becky,"Oh, must have been nothing.",
THBS009BE,TH_StringTable.csv,Becky,Guess I can just relax and--,
THBS010BE,TH_StringTable.csv,Becky,Oh my god. How long was I out? What did I miss? ,
THBS011BE,TH_StringTable.csv,Becky,"Oh, what a disaster!",
THBS012BE,TH_StringTable.csv,Becky,Hot flash! Hot flash! Must be another panic attack!,
THBS013BE,TH_StringTable.csv,Becky,"Keep cool Becky, keep cool. ",
THBS014BE,TH_StringTable.csv,Becky,Ahhhh...,
THBS015BE,TH_StringTable.csv,Becky,"Hey, why don't you go make yourself useful and put that candle in one of the spotlights up there!",
THBT000BT,TH_StringTable.csv,Bonita,"Hey, watch it or I'll call security!",
THBT001BT,TH_StringTable.csv,Bonita,"My spirits are so low, they cannot be lifted. How sad is that?",
THBT002BT,TH_StringTable.csv,Bonita,Huh? Where am I? What is that terrible crying noise?,
THBT003BT,TH_StringTable.csv,Bonita,"Thanks kid, but the problem isn't that my fire has gone out.",
THBT004BT,TH_StringTable.csv,Bonita,"The problem is I AM Gloria's fire, and I REFUSE to go out. On stage, that is.",
THBT005BT,TH_StringTable.csv,Bonita,Ah ha! You found a candle! Excellent!,
THBT006BT,TH_StringTable.csv,Bonita,"Now go put that in one of the spotlights above the stage, and we might have a show on our hands.",
THBT007RA,TH_StringTable.csv,Raz,"Becky, can you hear me?",
THBT008BT,TH_StringTable.csv,Bonita,Ahhhh! That's so loud.,
THBT009RA,TH_StringTable.csv,Raz,Must be out of range.,
THBT010BT,TH_StringTable.csv,Bonita,What? I can't hear anything now.,
THBU000JA,TH_StringTable.csv,Jasper,Ha! Hahaha! Reinforced balcony! A must for any critic!,
THBU001RA,TH_StringTable.csv,Raz,Any fat critic.,
THBU002JA,TH_StringTable.csv,Jasper,Gosh! This play is fantastic!,
THBU003JA,TH_StringTable.csv,Jasper,"The sets, the acting, the songs, all top notch!",
THBU004JA,TH_StringTable.csv,Jasper,"All other theaters should be burned, all other actors shot, all other playwrights should have their fingers chopped off, for there is no need for any other theater, other than this fine play.",
THBU005JA,TH_StringTable.csv,Jasper,Oh god. What am I saying? ,
THBU006JA,TH_StringTable.csv,Jasper,I hope no one heard that.,
THBU007JA,TH_StringTable.csv,Jasper,EEK! A candle! Get it away from me!,
THBU008JA,TH_StringTable.csv,Jasper,"Oh, sorry. I thought that it was lit.",
THBV000RA,TH_StringTable.csv,Raz,"Okay, stay right there. I'm going to come over and unmask you now.",
THBV001PT,TH_StringTable.csv,Phantom,"I'm a little tea pot, short and stout.",
THBV002PT,TH_StringTable.csv,Phantom,Here is my handle. Here is my spout.,
THBV003PT,TH_StringTable.csv,Phantom,Just kidding! I AM THE PHANTOM!,
THBV004PT,TH_StringTable.csv,Phantom,"Hey, where you going with that. You don't need that.",
THBV005PT,TH_StringTable.csv,Phantom,"Why don't you just throw that down, before you burn yourself.",
THBW000JA,TH_StringTable.csv,Jasper,I'll give you all good write-ups in the review if you KILL THAT KID WITH THE GOGGLES!,
THBW001JA,TH_StringTable.csv,Jasper,Kill him! Get him!,
THBW002JA,TH_StringTable.csv,Jasper,Kill him before he gets over here.,
THBX000RA,TH_StringTable.csv,Raz,"Sing, birdie!",
THBX001FF,TH_StringTable.csv,Orange-Flower,La la la!,
THBX002FF,TH_StringTable.csv,Orange-Flower,Ow! Ha ha ha! Tweet!,
THBX003FF,TH_StringTable.csv,Orange-Flower,Hey! Tweet! Let go!,
THBX004FF,TH_StringTable.csv,Orange-Flower,Tweet tweet!,
THBX005FF,TH_StringTable.csv,Orange-Flower,"Oh, god. What is a simple fish like me doing so high out of water?",
THBX006FF,TH_StringTable.csv,Orange-Flower,Soon I will be dead from lack of water!,
THBX007FF,TH_StringTable.csv,Orange-Flower,But I am still happy. Tweet!,
THBY000FT,TH_StringTable.csv,Big-Thistle,Get bent.,
THBY001FT,TH_StringTable.csv,Big-Thistle,"Ow! Hey, I'm going to peck your eyes out!",
THBY002FT,TH_StringTable.csv,Big-Thistle,Knock it off! You'll tangle my strings!,
THBY003FT,TH_StringTable.csv,Big-Thistle,O I been on the sea for many a year...,
THBY004FT,TH_StringTable.csv,Big-Thistle,"And I've ate me some whale, and I drank me some beer.",
THBY005FT,TH_StringTable.csv,Big-Thistle,"I punched me a shark, and I tapped me a keg.",
THBY006FT,TH_StringTable.csv,Big-Thistle,And I carved up me name on the captain's wood leg.,
THBY007FT,TH_StringTable.csv,Big-Thistle,"Ahhh! God I hope I die soon! This really, really hurts! Ow! Oh, man! It's so hot! Ow!",
THBY008RA,TH_StringTable.csv,Raz,"Nah, I couldn't hold a candle to that. Heh heh heh.",
THBZ000RA,TH_StringTable.csv,Raz,Good boy!,
THBZ001HF,TH_StringTable.csv,Yellow-Actor,Ruff! Ruff!,
THBZ002HF,TH_StringTable.csv,Yellow-Actor,Ow! Too ruff!,
THBZ003HF,TH_StringTable.csv,Yellow-Actor,Ruff! Yay! We're going for a ride! Ruff!,
THBZ004HF,TH_StringTable.csv,Yellow-Actor,"Man, I hate that tail! Arrrrr!",
THBZ005HF,TH_StringTable.csv,Yellow-Actor,Ow! Ow! Ow! On fire! Ruff! Ow! Ow! Hot!,
THCA000HT,TH_StringTable.csv,Hound-Actor,"You're dead, buddy!",
THCA001HT,TH_StringTable.csv,Hound-Actor,Ow! ,
THCA002HT,TH_StringTable.csv,Hound-Actor,Son of a--,
THCA003HT,TH_StringTable.csv,Hound-Actor,Grrrr! Grrr!,
THCA004HT,TH_StringTable.csv,Hound-Actor,Ahh! I hate thistles and dogs! Kill all thistles and dogs!,
THCA005HT,TH_StringTable.csv,Hound-Actor,What the-?!  Holy! Crap! It's--ooh!--I get!--Ow!  Woo! Woo! Ow!  I hate this hot.,
THCB000RA,TH_StringTable.csv,Raz,That Dragon looks pretty fierce. I wonder who can slay such a beast?,
THCB001RA,TH_StringTable.csv,Raz,Die! I slay thee with my mighty blast of PSI!,
THCC000RA,TH_StringTable.csv,Raz,"Hey, what part are you playing!",
THCC001SF,TH_StringTable.csv,Pink-Flower,"I am playing the part of Gloria Von Gouton, once famous star of stage and screen.",
THCC002SF,TH_StringTable.csv,Pink-Flower,Ow! Ha ha! Watch it! Ha ha!,
THCC003SF,TH_StringTable.csv,Pink-Flower,Weee! Yay! Ha ha ha!,
THCC004SF,TH_StringTable.csv,Pink-Flower,"Oh no, I forgot my lines!",
THCC005SF,TH_StringTable.csv,Pink-Flower,Becky's going to kill me!,
THCC006SF,TH_StringTable.csv,Pink-Flower,Concentrate. Focus.,
THCC007SF,TH_StringTable.csv,Pink-Flower,I am a happy flower. I am a happy flower.,
THCC008SF,TH_StringTable.csv,Pink-Flower,Ahhh. Much better.,
THCC009SF,TH_StringTable.csv,Pink-Flower,Hot! Ow! Ha ha ha! I don't remember this part in the play! Ow! Ha ha!!,
THCD000ST,TH_StringTable.csv,Small-Thistle,"I am playing the part of young Gloria Von Gouton, sent away from home by her mother, and her shady manager. Can't you tell, jerk?",
THCD002ST,TH_StringTable.csv,Small-Thistle,"You'll never work in this town again, jerk!",
THCD003ST,TH_StringTable.csv,Small-Thistle,Ahhhh!,
THCD004ST,TH_StringTable.csv,Small-Thistle,Ahhhh! I've always hated you guys!,
THCD005ST,TH_StringTable.csv,Small-Thistle,Ahhhh! This sucks! It's so hot! Man oh man! Ow! Ow! Ow! It's so hot!,
THCE000FF,TH_StringTable.csv,Orange-Flower,I am playing the part of Gloria's washed up and embittered mother!,
THCE004FF,TH_StringTable.csv,Orange-Flower,I hope no one else notices!,
THCE005FF,TH_StringTable.csv,Orange-Flower,"Okay, just fake it. ",
THCE006FF,TH_StringTable.csv,Orange-Flower,Say something happy!,
THCE007FF,TH_StringTable.csv,Orange-Flower,"Oh, I am so happy and I've not forgotten my lines! La di da!",
THCE008FF,TH_StringTable.csv,Orange-Flower,"Ahhh. Phew. Okay, I don't think anyone noticed. Thank you, improv class!",
THCE009FF,TH_StringTable.csv,Orange-Flower,Hot! Ow! Ha ha ha! This costume isn't fire retardant! Ow! Ha ha!!,
THCF000FT,TH_StringTable.csv,Big-Thistle,"Duh, I'm one of Gloria's mean schoolmates, at Hagatha home. Or else I'm her mother. Wait what set am I on? Ah who cares?",
THCF002FT,TH_StringTable.csv,Big-Thistle,"I will drop you like a sack of dirt, you try that again!",
THCF004FT,TH_StringTable.csv,Big-Thistle,Ahhhh! You guys have always been against me!,
THCF005FT,TH_StringTable.csv,Big-Thistle,Ahhhh!  It's so hot! Wow I am hating this! Wow! Ow!,
THCG000HF,TH_StringTable.csv,Yellow-Actor,"Well, I have a lot of walk on bits. Oh, and sometimes I do the mail boat guy. It's a small part, but my agent says this is going to be my year!",
THCG001HF,TH_StringTable.csv,Yellow-Actor,"Ow! Ha ha! Hey, careful there! Somebody could get hurt! Ha ha!",
THCG004HF,TH_StringTable.csv,Yellow-Actor,This is why I don't get better parts!,
THCG005HF,TH_StringTable.csv,Yellow-Actor,"Man, what a terrible thing to say.",
THCG006HF,TH_StringTable.csv,Yellow-Actor,I have to be more positive!,
THCG007HF,TH_StringTable.csv,Yellow-Actor,Oh that's right! I'm a happy flower!,
THCG008HF,TH_StringTable.csv,Yellow-Actor,Hot! Ow! Ha ha ha! I hope I don't die because then the theater would really be inconvenienced. Ow! Ha ha!!,
THCH000HT,TH_StringTable.csv,Hound-Actor,None of your business. Sometimes I'm Mean Schoolgirl Number 1. Sometimes I'm the Shady manager. Right now I'm just really irritated. With you.,
THCH002HT,TH_StringTable.csv,Hound-Actor,Get off the stage!,
THCH004HT,TH_StringTable.csv,Hound-Actor,Ahhhh! I want better parts! You guys are all in my way!,
THCH005HT,TH_StringTable.csv,Hound-Actor,Ahhhh! Hot hot hot! Burning sensations! Pain! Aye aye aye! Wow! Ow!,
THCO000SF,TH_StringTable.csv,Pink-Flower,Oww!,
THCI000RA,TH_StringTable.csv,Raz,I think Becky's not telling me the whole story. ,
THCI001RA,TH_StringTable.csv,Raz,I should go give her a piece of my mind.,
THCJ000RA,TH_StringTable.csv,Raz,Maybe I should come back later when he's not sleeping. He looks too mean to wake up.,
THCK000BT,TH_StringTable.csv,Bonita,Hey! Careful!,
THCK001BT,TH_StringTable.csv,Bonita,That was a gift from the prince of Romania!,
THCK002BT,TH_StringTable.csv,Bonita,The fans gave me that!,
THCK003BT,TH_StringTable.csv,Bonita,The President gave me that to keep me quiet about our affair!,
THCK004BT,TH_StringTable.csv,Bonita,"Please, you're making a mess!",
THCK005BT,TH_StringTable.csv,Bonita,I could have sold that online for a lot of money!,
THCK006BT,TH_StringTable.csv,Bonita,Oh go ahead. I don't want any mementos of my failed career anyway!,
THCL000RA,TH_StringTable.csv,Raz,Jasper really did a number on this spotlight. I'm going to have to use another one.,
THCL001RA,TH_StringTable.csv,Raz,Looks like it needs a candle to work.,
THCL002RA,TH_StringTable.csv,Raz,Now... how can I light that candle?,
THCM000RA,TH_StringTable.csv,Raz,Gloria must be in a good mood now.,
THCM001RA,TH_StringTable.csv,Raz,"Ooh, I'll bet Gloria is in a bad mood now",
THCN000BE,TH_StringTable.csv,Becky,Hey there kid. What are you doing back here?,
THCN001RA,TH_StringTable.csv,Raz,"Well, you know. It's always good to come back to the stage once in a while to make sure you still know how to act.",
THCN002RA,TH_StringTable.csv,Raz,So why isn't the big Bonita number playing?,
THCN003BE,TH_StringTable.csv,Becky,"Oh, Bonita's gone.",
THCN004RA,TH_StringTable.csv,Raz,What? Oh no...,
THCN005BE,TH_StringTable.csv,Becky,"Oh, no no no, it's good. We had an amazing sixty week run, three sold-out performances a day, and now she's just on a quick vacation before taking the show on the road.",
THCN006BE,TH_StringTable.csv,Becky,So the company and I are just practicing some of the old material to get ready for the tour.,
THCN007BE,TH_StringTable.csv,Becky,Let me know if you want to run some lines or something!,
THCN008RA,TH_StringTable.csv,Raz,Okay!,
THCN009BE,TH_StringTable.csv,Becky,"La di, da da..",
THCN010BE,TH_StringTable.csv,Becky,Mmm mmm mmm...,
THCN011BE,TH_StringTable.csv,Becky,"Doo-do, doo do doooo...",
THCN012BE,TH_StringTable.csv,Becky,Mmm mmm doo...,
THCN013BE,TH_StringTable.csv,Becky,"La la, la de dum...",
THZA000TO,TH_StringTable.csv,System,"Doing a great job, Becky!",
THZA001TO,TH_StringTable.csv,System,Where do I find a script?,
THZA002TO,TH_StringTable.csv,System,They need you on stage right away for your big number!,
THZA003TO,TH_StringTable.csv,System,"So, are you ready for your big number?",
THZA004TO,TH_StringTable.csv,System,Is there any way I can get you to take the stage?,
THZA005TO,TH_StringTable.csv,System,"Now you see, that performance is exactly why we need to practice.",
THZA006TO,TH_StringTable.csv,System,The show must go on!,
THZA007TO,TH_StringTable.csv,System,"Hey, why do you have to be so hard on Bonita?",
THZA008TO,TH_StringTable.csv,System,"Alright, later, you old gas bag.",
THZA009TO,TH_StringTable.csv,System,"Becky, can we see the ""Knight of Joy"" again?",
THZA010TO,TH_StringTable.csv,System,"""The Day the Mail Boat Finally Came"" needs another run-through, I think.",
THZA011TO,TH_StringTable.csv,System,"Let's do ""Goodbye Hagatha Home"" once more, okay?",
THZA012TO,TH_StringTable.csv,System,I haven't seen any plays. How do I see a play?,
THZA013TO,TH_StringTable.csv,System,You're not scared of that Phantom are you?,
THZA014TO,TH_StringTable.csv,System,"So, you're not going out on stage?",
THZA015TO,TH_StringTable.csv,System,"So, who's that crying?",
THZA016TO,TH_StringTable.csv,System,I'll leave you alone now.,
THZA017TO,TH_StringTable.csv,System,Bonita's just trying to lighten things up around here!,
THZA018TO,TH_StringTable.csv,System,"If you can't say something nice, don't say anything at all.",
THZA019TO,TH_StringTable.csv,System,"If you hate the show so much, why don't you just leave?",
THZA021TO,TH_StringTable.csv,System,/AButton/Jump in,
THZA022TO,TH_StringTable.csv,System,/BButton/Come back later,
THZF000TO,TH_StringTable.csv,System,Punch switch to change moods.,
THZZ000TO,TH_StringTable.csv,System,HAGATHA HOME FOR GIRLS,
THZZ001TO,TH_StringTable.csv,System,Mother. Suicide.,
THZZ002TO,TH_StringTable.csv,System,Foul!,
THZZ003TO,TH_StringTable.csv,System,Vulgar!,
THZZ004TO,TH_StringTable.csv,System,Awkward!,
THZZ006TO,TH_StringTable.csv,System,Strained!,
THZZ007TO,TH_StringTable.csv,System,Tired!,
THZZ008TO,TH_StringTable.csv,System,Witless!,
THZZ009TO,TH_StringTable.csv,System,Shallow!,
THZZ010TO,TH_StringTable.csv,System,Stale!,
THZZ011TO,TH_StringTable.csv,System,Crude!,
